,armor,attacker_health,attacker_name,attacker_steamid,dmg_armor,dmg_health,health,hitgroup,tick,user_health,user_name,user_steamid,weapon
0,100,100.0,SH1R0,76561198081484775,0,118,0,1,5688,100,rain,76561197997351207,hkp2000
1,100,100.0,magixx,76561199063238565,0,0,99,0,5845,100,frozen,76561198068422762,hegrenade
2,61,100.0,magixx,76561199063238565,39,58,41,0,5852,99,frozen,76561198068422762,hegrenade
3,73,100.0,magixx,76561199063238565,27,40,60,0,5852,100,broky,76561198201620490,hegrenade
4,52,100.0,magixx,76561199063238565,9,18,22,3,5892,41,frozen,76561198068422762,hkp2000
5,93,100.0,ropz,76561197991272318,7,13,87,2,5962,100,donk,76561198386265483,glock
6,0,87.0,donk,76561198386265483,0,33,67,2,5970,100,ropz,76561197991272318,hkp2000
7,0,87.0,donk,76561198386265483,0,134,0,1,5981,67,ropz,76561197991272318,hkp2000
8,52,100.0,SH1R0,76561198081484775,0,131,0,1,6076,22,frozen,76561198068422762,hkp2000
9,70,100.0,SH1R0,76561198081484775,3,6,53,4,6076,60,broky,76561198201620490,hkp2000
10,0,53.0,broky,76561198201620490,0,101,0,1,6086,100,magixx,76561199063238565,glock
11,63,100.0,SH1R0,76561198081484775,7,15,38,2,6095,53,broky,76561198201620490,hkp2000
12,94,38.0,broky,76561198201620490,6,11,89,2,6114,100,SH1R0,76561198081484775,glock
13,56,89.0,SH1R0,76561198081484775,7,15,22,2,6159,38,broky,76561198201620490,hkp2000
14,94,22.0,broky,76561198201620490,0,99,0,1,6196,89,SH1R0,76561198081484775,glock
15,56,87.0,donk,76561198386265483,0,127,0,1,6202,22,broky,76561198201620490,hkp2000
16,0,100.0,chopper,76561198045898864,0,32,68,5,6401,100,karrigan,76561197989430253,hkp2000
17,0,100.0,chopper,76561198045898864,0,131,0,1,6426,68,karrigan,76561197989430253,hkp2000
18,0,100.0,frozen,76561198068422762,0,9,90,5,8218,100,ropz,76561197991272318,glock
19,0,100.0,donk,76561198386265483,0,32,67,2,9774,100,broky,76561198201620490,m4a1
20,0,100.0,donk,76561198386265483,0,32,35,2,9780,67,broky,76561198201620490,m4a1
21,0,100.0,donk,76561198386265483,0,32,2,2,9787,35,broky,76561198201620490,m4a1
22,0,100.0,donk,76561198386265483,0,32,0,2,9793,2,broky,76561198201620490,m4a1
23,0,100.0,donk,76561198386265483,0,105,0,1,10487,100,frozen,76561198068422762,m4a1
24,0,100.0,magixx,76561199063238565,0,20,80,2,11138,100,karrigan,76561197989430253,mp9
25,0,100.0,SH1R0,76561198081484775,0,8,71,6,11164,80,karrigan,76561197989430253,m4a1
26,0,100.0,donk,76561198386265483,0,32,39,2,11208,71,karrigan,76561197989430253,m4a1
27,0,100.0,donk,76561198386265483,0,32,7,2,11214,39,karrigan,76561197989430253,m4a1
28,0,100.0,donk,76561198386265483,0,23,0,6,11220,7,karrigan,76561197989430253,m4a1
29,0,100.0,SH1R0,76561198081484775,0,30,69,2,11327,100,rain,76561197997351207,m4a1
30,0,100.0,SH1R0,76561198081484775,0,1,68,2,11334,69,rain,76561197997351207,m4a1
31,96,68.0,rain,76561197997351207,4,8,91,5,11352,100,SH1R0,76561198081484775,glock
32,94,68.0,rain,76561197997351207,6,10,90,2,11428,100,magixx,76561199063238565,glock
33,0,90.0,magixx,76561199063238565,0,83,0,1,11432,68,rain,76561197997351207,mp9
34,93,90.0,ropz,76561197991272318,1,38,51,2,11505,90,magixx,76561199063238565,deagle
35,0,100.0,donk,76561198386265483,0,32,58,2,11509,90,ropz,76561197991272318,m4a1
36,0,100.0,donk,76561198386265483,0,32,25,2,11515,58,ropz,76561197991272318,m4a1
37,0,51.0,magixx,76561199063238565,0,20,4,2,11520,25,ropz,76561197991272318,mp9
38,92,4.0,ropz,76561197991272318,1,38,13,2,11529,51,magixx,76561199063238565,deagle
39,0,13.0,magixx,76561199063238565,0,83,0,1,11533,4,ropz,76561197991272318,mp9
40,100,100.0,donk,76561198386265483,0,6,94,0,13766,100,rain,76561197997351207,inferno
41,100,100.0,donk,76561198386265483,0,8,92,0,13996,100,frozen,76561198068422762,inferno
42,100,100.0,donk,76561198386265483,0,8,84,0,14009,92,frozen,76561198068422762,inferno
43,100,100.0,donk,76561198386265483,0,8,76,0,14022,84,frozen,76561198068422762,inferno
44,100,100.0,donk,76561198386265483,0,8,68,0,14035,76,frozen,76561198068422762,inferno
45,100,100.0,donk,76561198386265483,0,8,60,0,14047,68,frozen,76561198068422762,inferno
46,100,100.0,donk,76561198386265483,0,8,52,0,14073,60,frozen,76561198068422762,inferno
47,100,100.0,donk,76561198386265483,0,8,44,0,14086,52,frozen,76561198068422762,inferno
48,100,100.0,karrigan,76561197989430253,0,25,74,7,14710,100,chopper,76561198045898864,ak47
49,96,100.0,zont1x,76561198995880877,4,14,85,2,16229,100,karrigan,76561197989430253,mp9
50,96,85.0,karrigan,76561197989430253,4,27,72,2,16238,100,zont1x,76561198995880877,ak47
51,77,100.0,zont1x,76561198995880877,19,57,28,1,16238,85,karrigan,76561197989430253,mp9
52,73,72.0,zont1x,76561198995880877,4,14,13,2,16243,28,karrigan,76561197989430253,mp9
53,92,13.0,karrigan,76561197989430253,4,27,44,2,16244,72,zont1x,76561198995880877,ak47
54,69,44.0,zont1x,76561198995880877,4,14,0,5,16247,13,karrigan,76561197989430253,mp9
55,95,44.0,zont1x,76561198995880877,5,17,82,3,16309,100,ropz,76561197991272318,mp9
56,91,44.0,zont1x,76561198995880877,4,14,68,2,16313,82,ropz,76561197991272318,mp9
57,87,44.0,zont1x,76561198995880877,4,14,53,2,16318,68,ropz,76561197991272318,mp9
58,83,44.0,zont1x,76561198995880877,4,14,39,2,16322,53,ropz,76561197991272318,mp9
59,89,39.0,ropz,76561197991272318,3,27,17,2,16324,44,zont1x,76561198995880877,ak47
60,79,17.0,zont1x,76561198995880877,4,14,25,2,16327,39,ropz,76561197991272318,mp9
61,86,25.0,ropz,76561197991272318,3,27,0,2,16331,17,zont1x,76561198995880877,ak47
62,85,100.0,broky,76561198201620490,15,107,0,1,18597,74,chopper,76561198045898864,ak47
63,89,100.0,broky,76561198201620490,3,26,73,2,18681,100,magixx,76561199063238565,ak47
64,82,100.0,donk,76561198386265483,18,86,14,1,18789,100,broky,76561198201620490,m4a1
65,82,73.0,magixx,76561199063238565,0,1,12,0,18790,14,broky,76561198201620490,inferno
66,82,73.0,magixx,76561199063238565,0,2,10,0,18803,12,broky,76561198201620490,inferno
67,82,73.0,magixx,76561199063238565,0,3,7,0,18816,10,broky,76561198201620490,inferno
68,94,100.0,SH1R0,76561198081484775,2,3,97,0,18821,100,SH1R0,76561198081484775,hegrenade
69,82,73.0,magixx,76561199063238565,0,4,3,0,18828,7,broky,76561198201620490,inferno
70,100,73.0,magixx,76561199063238565,0,4,39,0,18828,44,frozen,76561198068422762,inferno
71,77,100.0,donk,76561198386265483,5,24,0,4,18835,3,broky,76561198201620490,m4a1
72,97,39.0,frozen,76561198068422762,3,27,73,2,18840,100,donk,76561198386265483,ak47
73,100,73.0,magixx,76561199063238565,0,4,35,0,18841,39,frozen,76561198068422762,inferno
74,94,35.0,frozen,76561198068422762,3,27,45,2,18846,73,donk,76561198386265483,ak47
75,91,35.0,frozen,76561198068422762,3,27,18,5,18853,45,donk,76561198386265483,ak47
76,100,73.0,magixx,76561199063238565,0,5,29,0,18854,35,frozen,76561198068422762,inferno
77,82,18.0,donk,76561198386265483,18,87,0,1,18855,29,frozen,76561198068422762,m4a1
78,76,94.0,rain,76561197997351207,15,106,0,1,18927,18,donk,76561198386265483,ak47
79,91,94.0,rain,76561197997351207,3,26,70,2,19000,97,SH1R0,76561198081484775,ak47
80,83,70.0,SH1R0,76561198081484775,17,79,14,1,19007,94,rain,76561197997351207,m4a1
81,88,14.0,rain,76561197997351207,3,26,44,5,19013,70,SH1R0,76561198081484775,ak47
82,79,70.0,SH1R0,76561198081484775,4,22,0,2,19013,14,rain,76561197997351207,m4a1
83,82,25.0,ropz,76561197991272318,6,47,0,1,19433,44,SH1R0,76561198081484775,ak47
84,86,25.0,ropz,76561197991272318,3,26,46,2,19640,73,magixx,76561199063238565,ak47
85,83,25.0,ropz,76561197991272318,3,26,19,2,19648,46,magixx,76561199063238565,ak47
86,80,25.0,ropz,76561197991272318,3,26,0,2,19655,19,magixx,76561199063238565,ak47
87,30,,,,49,49,0,0,19896,25,ropz,76561197991272318,
88,95,100.0,donk,76561198386265483,5,23,76,2,24818,100,rain,76561197997351207,m4a1
89,89,100.0,donk,76561198386265483,6,29,46,3,24825,76,rain,76561197997351207,m4a1
90,89,100.0,donk,76561198386265483,0,25,20,6,24831,46,rain,76561197997351207,m4a1
91,89,100.0,donk,76561198386265483,0,25,0,6,24837,20,rain,76561197997351207,m4a1
92,94,100.0,donk,76561198386265483,6,30,70,3,25150,100,frozen,76561198068422762,m4a1
93,88,100.0,donk,76561198386265483,6,30,39,3,25157,70,frozen,76561198068422762,m4a1
94,82,100.0,donk,76561198386265483,6,30,9,3,25170,39,frozen,76561198068422762,m4a1
95,76,100.0,donk,76561198386265483,6,30,0,3,25176,9,frozen,76561198068422762,m4a1
96,82,100.0,SH1R0,76561198081484775,18,84,16,1,26337,100,karrigan,76561197989430253,m4a1
97,77,100.0,SH1R0,76561198081484775,5,24,0,2,26343,16,karrigan,76561197989430253,m4a1
98,97,100.0,broky,76561198201620490,3,26,74,2,27320,100,zont1x,76561198995880877,ak47
99,96,74.0,zont1x,76561198995880877,4,21,78,5,27328,100,broky,76561198201620490,m4a1
100,94,78.0,broky,76561198201620490,3,26,48,2,27343,74,zont1x,76561198995880877,ak47
101,92,48.0,zont1x,76561198995880877,4,21,56,2,27345,78,broky,76561198201620490,m4a1
102,87,48.0,zont1x,76561198995880877,5,27,28,3,27354,56,broky,76561198201620490,m4a1
103,90,28.0,broky,76561198201620490,4,32,15,3,27369,48,zont1x,76561198995880877,ak47
104,90,28.0,broky,76561198201620490,0,25,0,7,27375,15,zont1x,76561198995880877,ak47
105,99,28.0,broky,76561198201620490,1,7,93,2,27770,100,donk,76561198386265483,ak47
106,83,93.0,donk,76561198386265483,4,20,8,2,27782,28,broky,76561198201620490,m4a1
107,78,93.0,donk,76561198386265483,5,25,0,3,27789,8,broky,76561198201620490,m4a1
108,100,93.0,donk,76561198386265483,0,21,78,7,27795,100,ropz,76561197991272318,m4a1
109,96,78.0,ropz,76561197991272318,3,25,67,2,27802,93,donk,76561198386265483,ak47
110,96,67.0,donk,76561198386265483,4,20,57,2,27808,78,ropz,76561197991272318,m4a1
111,91,67.0,donk,76561198386265483,5,25,32,3,27821,57,ropz,76561197991272318,m4a1
112,76,67.0,donk,76561198386265483,15,71,0,1,27834,32,ropz,76561197991272318,m4a1
113,0,100.0,magixx,76561199063238565,0,3,97,0,30231,100,frozen,76561198068422762,hegrenade
114,100,100.0,chopper,76561198045898864,0,8,92,0,30322,100,chopper,76561198045898864,inferno
115,0,100.0,zont1x,76561198995880877,0,44,55,3,30811,100,karrigan,76561197989430253,m4a1
116,0,100.0,zont1x,76561198995880877,0,63,33,1,30811,97,frozen,76561198068422762,m4a1
117,0,100.0,zont1x,76561198995880877,0,26,29,7,30830,55,karrigan,76561197989430253,m4a1
118,0,100.0,zont1x,76561198995880877,0,35,0,5,30843,29,karrigan,76561197989430253,m4a1
119,100,,,,0,26,74,0,30967,100,SH1R0,76561198081484775,
120,0,74.0,SH1R0,76561198081484775,0,16,17,5,31109,33,frozen,76561198068422762,m4a1
121,0,74.0,SH1R0,76561198081484775,0,42,0,3,31116,17,frozen,76561198068422762,m4a1
122,0,74.0,SH1R0,76561198081484775,0,42,58,3,31166,100,ropz,76561197991272318,m4a1
123,0,74.0,SH1R0,76561198081484775,0,33,67,2,31173,100,rain,76561197997351207,m4a1
124,0,100.0,zont1x,76561198995880877,0,7,50,0,31178,58,ropz,76561197991272318,hegrenade
125,0,100.0,donk,76561198386265483,0,115,0,1,31254,67,rain,76561197997351207,m4a1
126,0,100.0,donk,76561198386265483,0,128,0,1,31293,100,broky,76561198201620490,m4a1
127,90,50.0,ropz,76561197991272318,6,10,89,8,31366,100,donk,76561198386265483,glock
128,0,89.0,donk,76561198386265483,0,34,16,2,31373,50,ropz,76561197991272318,m4a1
129,0,89.0,donk,76561198386265483,0,42,0,3,31379,16,ropz,76561197991272318,m4a1
130,71,100.0,magixx,76561199063238565,29,44,55,0,34082,100,ropz,76561197991272318,hegrenade
131,96,55.0,ropz,76561197991272318,4,34,66,3,34287,100,magixx,76561199063238565,ak47
132,70,66.0,magixx,76561199063238565,1,12,43,5,34294,55,ropz,76561197991272318,xm1014
133,81,43.0,ropz,76561197991272318,15,110,0,1,34306,66,magixx,76561199063238565,ak47
134,84,100.0,SH1R0,76561198081484775,16,76,23,1,35854,100,rain,76561197997351207,m4a1
135,79,100.0,SH1R0,76561198081484775,5,27,0,3,35880,23,rain,76561197997351207,m4a1
136,70,100.0,chopper,76561198045898864,0,0,42,0,36886,43,ropz,76561197991272318,molotov
137,70,100.0,chopper,76561198045898864,0,1,40,0,36886,43,ropz,76561197991272318,molotov
138,100,100.0,chopper,76561198045898864,0,1,99,0,36940,100,broky,76561198201620490,inferno
139,100,100.0,chopper,76561198045898864,0,1,98,0,36940,100,frozen,76561198068422762,inferno
140,67,100.0,chopper,76561198045898864,3,27,13,2,37315,40,ropz,76561197991272318,ak47
141,64,100.0,chopper,76561198045898864,3,27,0,2,37321,13,ropz,76561197991272318,ak47
142,83,100.0,donk,76561198386265483,17,81,18,1,37324,99,broky,76561198201620490,m4a1
143,88,18.0,broky,76561198201620490,2,14,86,3,37331,100,donk,76561198386265483,ak47
144,100,100.0,karrigan,76561197989430253,0,8,92,0,37332,100,karrigan,76561197989430253,inferno
145,79,86.0,donk,76561198386265483,4,23,0,5,37337,18,broky,76561198201620490,m4a1
146,100,92.0,karrigan,76561197989430253,0,8,84,0,37345,92,karrigan,76561197989430253,inferno
147,100,84.0,karrigan,76561197989430253,0,8,76,0,37358,84,karrigan,76561197989430253,inferno
148,82,86.0,donk,76561198386265483,18,84,0,1,37442,76,karrigan,76561197989430253,m4a1
149,85,98.0,frozen,76561198068422762,3,26,59,5,37477,86,donk,76561198386265483,ak47
150,82,98.0,frozen,76561198068422762,3,26,32,2,37484,59,donk,76561198386265483,ak47
151,79,98.0,frozen,76561198068422762,3,26,5,2,37490,32,donk,76561198386265483,ak47
152,76,98.0,frozen,76561198068422762,3,26,0,2,37496,5,donk,76561198386265483,ak47
153,97,98.0,frozen,76561198068422762,3,27,73,2,37567,100,chopper,76561198045898864,ak47
154,82,98.0,frozen,76561198068422762,15,108,0,1,37573,73,chopper,76561198045898864,ak47
155,82,100.0,SH1R0,76561198081484775,18,84,13,1,39303,98,frozen,76561198068422762,m4a1
156,77,100.0,SH1R0,76561198081484775,5,24,0,2,39309,13,frozen,76561198068422762,m4a1
157,100,,,,0,21,79,0,39422,100,SH1R0,76561198081484775,
158,83,100.0,zont1x,76561198995880877,17,26,74,0,45585,100,broky,76561198201620490,hegrenade
159,95,100.0,zont1x,76561198995880877,5,8,92,0,45585,100,frozen,76561198068422762,hegrenade
160,97,100.0,zont1x,76561198995880877,3,5,95,0,45585,100,ropz,76561197991272318,hegrenade
161,92,100.0,zont1x,76561198995880877,3,27,65,2,45601,92,frozen,76561198068422762,ak47
162,89,100.0,zont1x,76561198995880877,3,27,37,2,45607,65,frozen,76561198068422762,ak47
163,86,100.0,zont1x,76561198995880877,3,27,10,4,45614,37,frozen,76561198068422762,ak47
164,99,10.0,frozen,76561198068422762,1,22,77,2,45618,100,zont1x,76561198995880877,tec9
165,98,10.0,frozen,76561198068422762,1,22,54,2,45629,77,zont1x,76561198995880877,tec9
166,83,54.0,zont1x,76561198995880877,3,27,0,2,45633,10,frozen,76561198068422762,ak47
167,94,95.0,ropz,76561197991272318,4,85,0,1,45664,54,zont1x,76561198995880877,tec9
168,97,100.0,donk,76561198386265483,3,26,73,2,45832,100,rain,76561197997351207,ak47
169,96,74.0,broky,76561198201620490,4,133,0,1,45844,100,SH1R0,76561198081484775,deagle
170,94,100.0,donk,76561198386265483,3,26,47,5,45845,73,rain,76561197997351207,ak47
171,97,47.0,rain,76561197997351207,3,62,37,1,45857,100,donk,76561198386265483,tec9
172,50,0.0,SH1R0,76561198081484775,33,49,24,0,45865,74,broky,76561198201620490,hegrenade
173,97,0.0,SH1R0,76561198081484775,0,1,94,0,45865,95,ropz,76561197991272318,hegrenade
174,94,47.0,rain,76561197997351207,3,62,0,1,45871,37,donk,76561198386265483,tec9
175,94,100.0,karrigan,76561197989430253,6,22,77,8,46099,100,magixx,76561199063238565,p250
176,88,100.0,karrigan,76561197989430253,6,22,54,4,46109,77,magixx,76561199063238565,p250
177,63,100.0,karrigan,76561197989430253,25,90,0,1,46119,54,magixx,76561199063238565,p250
178,46,100.0,chopper,76561198045898864,4,22,1,2,47389,24,broky,76561198201620490,m4a1
179,27,100.0,chopper,76561198045898864,19,90,0,1,47394,1,broky,76561198201620490,m4a1
180,45,,,,55,55,44,0,49650,100,chopper,76561198045898864,
181,91,,,,3,3,43,0,49650,47,rain,76561197997351207,
182,94,,,,3,3,90,0,49650,94,ropz,76561197991272318,
183,100,100.0,SH1R0,76561198081484775,0,2,98,0,51868,100,rain,76561197997351207,inferno
184,100,100.0,SH1R0,76561198081484775,0,3,94,0,51881,98,rain,76561197997351207,inferno
185,100,100.0,donk,76561198386265483,0,24,70,7,57050,94,rain,76561197997351207,m4a1
186,100,100.0,donk,76561198386265483,0,24,46,7,57056,70,rain,76561197997351207,m4a1
187,100,100.0,donk,76561198386265483,0,24,22,7,57061,46,rain,76561197997351207,m4a1
188,94,100.0,donk,76561198386265483,6,28,0,3,57073,22,rain,76561197997351207,m4a1
189,100,100.0,frozen,76561198068422762,0,26,74,6,57084,100,donk,76561198386265483,ak47
190,95,100.0,frozen,76561198068422762,5,34,39,3,57091,74,donk,76561198386265483,ak47
191,92,100.0,frozen,76561198068422762,3,27,12,2,57097,39,donk,76561198386265483,ak47
192,89,100.0,frozen,76561198068422762,3,27,0,2,57104,12,donk,76561198386265483,ak47
193,94,100.0,zont1x,76561198995880877,6,31,68,3,57269,100,broky,76561198201620490,m4a1
194,89,100.0,zont1x,76561198995880877,5,25,43,2,57275,68,broky,76561198201620490,m4a1
195,71,100.0,zont1x,76561198995880877,18,87,0,1,57282,43,broky,76561198201620490,m4a1
196,95,100.0,zont1x,76561198995880877,5,25,74,2,57325,100,frozen,76561198068422762,m4a1
197,97,74.0,frozen,76561198068422762,3,27,73,2,57328,100,zont1x,76561198995880877,ak47
198,90,73.0,zont1x,76561198995880877,5,25,49,2,57332,74,frozen,76561198068422762,m4a1
199,94,49.0,frozen,76561198068422762,3,27,45,2,57335,73,zont1x,76561198995880877,ak47
200,85,45.0,zont1x,76561198995880877,5,25,24,2,57338,49,frozen,76561198068422762,m4a1
201,80,45.0,zont1x,76561198995880877,5,25,0,2,57344,24,frozen,76561198068422762,m4a1
202,90,100.0,karrigan,76561197989430253,4,22,23,2,57525,45,zont1x,76561198995880877,m4a1
203,86,100.0,karrigan,76561197989430253,4,22,0,2,57531,23,zont1x,76561198995880877,m4a1
204,96,100.0,ropz,76561197991272318,4,27,73,2,58275,100,magixx,76561199063238565,ak47
205,92,100.0,ropz,76561197991272318,4,27,45,2,58288,73,magixx,76561199063238565,ak47
206,93,45.0,magixx,76561199063238565,1,14,86,5,58300,100,ropz,76561197991272318,xm1014
207,92,45.0,magixx,76561199063238565,1,14,71,5,58300,100,ropz,76561197991272318,xm1014
208,91,45.0,magixx,76561199063238565,1,14,57,5,58300,100,ropz,76561197991272318,xm1014
209,89,45.0,magixx,76561199063238565,2,17,39,3,58300,100,ropz,76561197991272318,xm1014
210,92,39.0,ropz,76561197991272318,0,143,0,1,58310,45,magixx,76561199063238565,ak47
211,83,100.0,karrigan,76561197989430253,17,80,20,1,58460,100,SH1R0,76561198081484775,m4a1
212,66,100.0,karrigan,76561197989430253,17,80,0,1,58466,20,SH1R0,76561198081484775,m4a1
213,42,39.0,ropz,76561197991272318,3,26,74,4,58678,100,chopper,76561198045898864,ak47
214,42,100.0,karrigan,76561197989430253,0,0,73,0,58700,74,chopper,76561198045898864,hegrenade
215,42,100.0,karrigan,76561197989430253,0,1,72,0,58700,74,chopper,76561198045898864,hegrenade
216,18,100.0,karrigan,76561197989430253,24,36,35,0,58745,72,chopper,76561198045898864,hegrenade
217,13,100.0,karrigan,76561197989430253,5,25,10,2,60050,35,chopper,76561198045898864,m4a1
218,8,100.0,karrigan,76561197989430253,5,25,0,5,60063,10,chopper,76561198045898864,m4a1
219,0,100.0,frozen,76561198068422762,0,70,29,0,66622,100,magixx,76561199063238565,hegrenade
220,0,100.0,rain,76561197997351207,0,35,64,2,67003,100,chopper,76561198045898864,ak47
221,0,100.0,rain,76561197997351207,0,35,29,2,67023,64,chopper,76561198045898864,ak47
222,0,100.0,rain,76561197997351207,0,142,0,1,67030,29,chopper,76561198045898864,ak47
223,0,100.0,karrigan,76561197989430253,0,44,0,3,67461,29,magixx,76561199063238565,ak47
224,99,100.0,zont1x,76561198995880877,1,25,74,5,67882,100,broky,76561198201620490,fiveseven
225,98,100.0,zont1x,76561198995880877,1,32,42,3,67903,74,broky,76561198201620490,fiveseven
226,97,100.0,zont1x,76561198995880877,1,25,17,5,67913,42,broky,76561198201620490,fiveseven
227,100,100.0,karrigan,76561197989430253,0,140,0,1,67919,100,zont1x,76561198995880877,ak47
228,91,100.0,SH1R0,76561198081484775,6,23,0,2,67992,17,broky,76561198201620490,p250
229,98,100.0,SH1R0,76561198081484775,2,8,92,8,67992,100,karrigan,76561197989430253,p250
230,0,92.0,karrigan,76561197989430253,0,139,0,1,68061,100,SH1R0,76561198081484775,ak47
231,100,100.0,donk,76561198386265483,0,17,83,2,68610,100,rain,76561197997351207,deagle
232,99,100.0,donk,76561198386265483,1,29,53,2,68665,83,rain,76561197997351207,deagle
233,0,53.0,rain,76561197997351207,0,33,66,2,68678,100,donk,76561198386265483,ak47
234,0,53.0,rain,76561197997351207,0,42,24,3,68684,66,donk,76561198386265483,ak47
235,0,53.0,rain,76561197997351207,0,1,22,2,68691,24,donk,76561198386265483,ak47
236,0,53.0,rain,76561197997351207,0,1,20,2,68728,22,donk,76561198386265483,ak47
237,0,53.0,rain,76561197997351207,0,17,2,3,68735,20,donk,76561198386265483,ak47
238,0,53.0,rain,76561197997351207,0,2,0,3,68741,2,donk,76561198386265483,ak47
239,89,100.0,magixx,76561199063238565,0,0,100,0,71137,100,ropz,76561197991272318,hegrenade
240,52,100.0,magixx,76561199063238565,37,55,44,0,71140,100,ropz,76561197991272318,hegrenade
241,95,100.0,donk,76561198386265483,4,22,77,2,71818,100,rain,76561197997351207,m4a1
242,100,77.0,rain,76561197997351207,0,136,0,1,71830,100,donk,76561198386265483,ak47
243,100,77.0,rain,76561197997351207,0,1,98,0,73486,100,zont1x,76561198995880877,inferno
244,100,100.0,chopper,76561198045898864,0,27,73,6,75712,100,frozen,76561198068422762,m4a1
245,100,100.0,chopper,76561198045898864,0,27,45,7,75718,73,frozen,76561198068422762,m4a1
246,95,100.0,chopper,76561198045898864,5,25,20,5,75725,45,frozen,76561198068422762,m4a1
247,96,20.0,frozen,76561198068422762,4,27,73,2,75726,100,chopper,76561198045898864,ak47
248,76,73.0,chopper,76561198045898864,19,89,0,1,75731,20,frozen,76561198068422762,m4a1
249,96,100.0,magixx,76561199063238565,4,12,88,2,75767,100,broky,76561198201620490,mp9
250,45,73.0,chopper,76561198045898864,7,36,8,1,75925,44,ropz,76561197991272318,m4a1
251,43,73.0,chopper,76561198045898864,2,11,0,2,75932,8,ropz,76561197991272318,m4a1
252,95,0.0,ropz,76561197991272318,0,3,74,0,75947,77,rain,76561197997351207,inferno
253,92,74.0,rain,76561197997351207,4,27,45,2,75951,73,chopper,76561198045898864,ak47
254,94,100.0,magixx,76561199063238565,4,13,86,5,75952,100,karrigan,76561197989430253,mp9
255,97,86.0,karrigan,76561197989430253,3,27,73,2,75953,100,magixx,76561199063238565,ak47
256,90,73.0,magixx,76561199063238565,4,13,73,2,75957,86,karrigan,76561197989430253,mp9
257,97,73.0,karrigan,76561197989430253,0,141,0,1,75959,73,magixx,76561199063238565,ak47
258,95,0.0,ropz,76561197991272318,0,3,71,0,75960,74,rain,76561197997351207,inferno
259,88,71.0,rain,76561197997351207,4,27,17,2,75970,45,chopper,76561198045898864,ak47
260,95,0.0,ropz,76561197991272318,0,3,68,0,75973,71,rain,76561197997351207,inferno
261,84,68.0,rain,76561197997351207,4,27,0,2,75977,17,chopper,76561198045898864,ak47
262,95,0.0,ropz,76561197991272318,0,3,65,0,75985,68,rain,76561197997351207,inferno
263,95,0.0,ropz,76561197991272318,0,3,61,0,75998,65,rain,76561197997351207,inferno
264,95,0.0,ropz,76561197991272318,0,3,58,0,76011,61,rain,76561197997351207,inferno
265,57,,,,43,43,55,0,79088,98,zont1x,76561198995880877,
266,58,,,,38,38,50,0,79088,88,broky,76561198201620490,
267,69,,,,21,21,51,0,79088,73,karrigan,76561197989430253,
268,100,100.0,karrigan,76561197989430253,0,1,98,0,81441,100,chopper,76561198045898864,inferno
269,100,100.0,karrigan,76561197989430253,0,2,95,0,81454,98,chopper,76561198045898864,inferno
270,100,100.0,karrigan,76561197989430253,0,3,92,0,81467,95,chopper,76561198045898864,inferno
271,68,100.0,magixx,76561199063238565,1,25,74,2,81996,100,karrigan,76561197989430253,fiveseven
272,100,100.0,ropz,76561197991272318,0,2,97,0,82002,100,ropz,76561197991272318,inferno
273,67,100.0,magixx,76561199063238565,1,31,43,3,82006,74,karrigan,76561197989430253,fiveseven
274,96,97.0,ropz,76561197991272318,4,33,66,3,82008,100,magixx,76561199063238565,ak47
275,93,97.0,ropz,76561197991272318,3,27,39,2,82015,66,magixx,76561199063238565,ak47
276,66,39.0,magixx,76561199063238565,1,25,17,2,82027,43,karrigan,76561197989430253,fiveseven
277,90,97.0,ropz,76561197991272318,3,27,12,2,82034,39,magixx,76561199063238565,ak47
278,65,12.0,magixx,76561199063238565,1,25,0,2,82036,17,karrigan,76561197989430253,fiveseven
279,86,97.0,ropz,76561197991272318,4,33,0,3,82047,12,magixx,76561199063238565,ak47
280,100,100.0,broky,76561198201620490,0,1,98,0,82509,100,donk,76561198386265483,inferno
281,54,92.0,chopper,76561198045898864,4,95,4,1,82741,100,broky,76561198201620490,fiveseven
282,50,92.0,chopper,76561198045898864,4,95,0,1,82752,4,broky,76561198201620490,fiveseven
283,97,97.0,ropz,76561197991272318,3,27,65,2,82822,92,chopper,76561198045898864,ak47
284,94,97.0,ropz,76561197991272318,3,27,37,2,82835,65,chopper,76561198045898864,ak47
285,90,97.0,ropz,76561197991272318,4,34,3,3,82841,37,chopper,76561198045898864,ak47
286,86,97.0,ropz,76561197991272318,4,34,0,3,82848,3,chopper,76561198045898864,ak47
287,96,100.0,zont1x,76561198995880877,4,13,84,2,83265,97,ropz,76561197991272318,mp9
288,92,100.0,zont1x,76561198995880877,4,13,70,2,83269,84,ropz,76561197991272318,mp9
289,88,100.0,zont1x,76561198995880877,4,13,56,2,83274,70,ropz,76561197991272318,mp9
290,84,100.0,zont1x,76561198995880877,4,13,43,5,83278,56,ropz,76561197991272318,mp9
291,57,43.0,ropz,76561197991272318,0,141,0,1,83280,100,zont1x,76561198995880877,ak47
292,97,100.0,rain,76561197997351207,3,27,73,2,83371,100,SH1R0,76561198081484775,ak47
293,94,100.0,rain,76561197997351207,3,27,45,2,83377,73,SH1R0,76561198081484775,ak47
294,91,100.0,rain,76561197997351207,3,27,18,2,83384,45,SH1R0,76561198081484775,ak47
295,88,100.0,rain,76561197997351207,3,27,0,2,83390,18,SH1R0,76561198081484775,ak47
296,79,98.0,donk,76561198386265483,5,23,19,5,83442,43,ropz,76561197991272318,m4a1
297,97,19.0,ropz,76561197991272318,3,26,72,2,83448,98,donk,76561198386265483,ak47
298,62,72.0,donk,76561198386265483,17,81,0,1,83449,19,ropz,76561197991272318,m4a1
299,96,100.0,rain,76561197997351207,1,10,61,2,83476,72,donk,76561198386265483,ak47
300,91,100.0,rain,76561197997351207,5,41,20,1,83482,61,donk,76561198386265483,ak47
301,91,20.0,donk,76561198386265483,4,22,78,2,83487,100,rain,76561197997351207,m4a1
302,86,20.0,donk,76561198386265483,5,27,50,3,83500,78,rain,76561197997351207,m4a1
303,81,20.0,donk,76561198386265483,5,27,22,3,83506,50,rain,76561197997351207,m4a1
304,77,20.0,donk,76561198386265483,4,22,0,2,83513,22,rain,76561197997351207,m4a1
305,88,100.0,frozen,76561198068422762,3,27,0,2,83579,20,donk,76561198386265483,ak47
306,95,100.0,donk,76561198386265483,5,26,73,8,88689,100,rain,76561197997351207,m4a1
307,90,100.0,donk,76561198386265483,5,26,47,2,88708,73,rain,76561197997351207,m4a1
308,85,100.0,donk,76561198386265483,5,26,21,2,88715,47,rain,76561197997351207,m4a1
309,66,100.0,donk,76561198386265483,19,91,0,1,88721,21,rain,76561197997351207,m4a1
310,97,100.0,karrigan,76561197989430253,3,26,73,5,88787,100,donk,76561198386265483,ak47
311,100,100.0,karrigan,76561197989430253,0,4,96,3,88806,100,chopper,76561198045898864,ak47
312,97,100.0,karrigan,76561197989430253,3,27,69,2,88812,96,chopper,76561198045898864,ak47
313,96,69.0,chopper,76561198045898864,4,22,77,2,88814,100,karrigan,76561197989430253,m4a1
314,94,77.0,karrigan,76561197989430253,3,27,41,2,88819,69,chopper,76561198045898864,ak47
315,92,41.0,chopper,76561198045898864,4,22,55,2,88820,77,karrigan,76561197989430253,m4a1
316,91,55.0,karrigan,76561197989430253,3,27,14,2,88825,41,chopper,76561198045898864,ak47
317,88,14.0,chopper,76561198045898864,4,22,32,2,88826,55,karrigan,76561197989430253,m4a1
318,84,14.0,chopper,76561198045898864,4,22,10,2,88832,32,karrigan,76561197989430253,m4a1
319,80,14.0,chopper,76561198045898864,4,22,0,2,88837,10,karrigan,76561197989430253,m4a1
320,87,100.0,ropz,76561197991272318,4,27,0,2,88864,14,chopper,76561198045898864,ak47
321,94,100.0,ropz,76561197991272318,3,27,46,5,88930,73,donk,76561198386265483,ak47
322,91,100.0,ropz,76561197991272318,3,27,18,2,88937,46,donk,76561198386265483,ak47
323,87,100.0,ropz,76561197991272318,4,34,0,3,88949,18,donk,76561198386265483,ak47
324,96,100.0,zont1x,76561198995880877,4,23,76,5,89039,100,ropz,76561197991272318,m4a1
325,97,100.0,broky,76561198201620490,3,26,73,2,89040,100,zont1x,76561198995880877,ak47
326,95,100.0,magixx,76561199063238565,5,24,76,5,89041,100,broky,76561198201620490,m4a1
327,96,73.0,zont1x,76561198995880877,0,1,75,2,89045,76,ropz,76561197991272318,m4a1
328,94,76.0,broky,76561198201620490,3,26,46,2,89046,73,zont1x,76561198995880877,ak47
329,90,100.0,magixx,76561199063238565,5,24,51,2,89048,76,broky,76561198201620490,m4a1
330,91,51.0,broky,76561198201620490,3,26,19,2,89059,46,zont1x,76561198995880877,ak47
331,91,51.0,broky,76561198201620490,0,26,0,7,89065,19,zont1x,76561198995880877,ak47
332,84,100.0,magixx,76561199063238565,6,30,21,3,89067,51,broky,76561198201620490,m4a1
333,78,100.0,magixx,76561199063238565,6,30,0,3,89086,21,broky,76561198201620490,m4a1
334,81,100.0,SH1R0,76561198081484775,19,91,8,1,89215,100,frozen,76561198068422762,m4a1
335,96,8.0,frozen,76561198068422762,4,27,72,5,89217,100,SH1R0,76561198081484775,ak47
336,76,72.0,SH1R0,76561198081484775,5,26,0,2,89221,8,frozen,76561198068422762,m4a1
337,90,72.0,SH1R0,76561198081484775,6,30,44,3,89273,75,ropz,76561197991272318,m4a1
338,85,72.0,SH1R0,76561198081484775,5,24,19,2,89279,44,ropz,76561197991272318,m4a1
339,81,19.0,ropz,76561197991272318,15,108,0,1,89287,72,SH1R0,76561198081484775,ak47
340,95,19.0,ropz,76561197991272318,5,34,65,3,90958,100,magixx,76561199063238565,ak47
341,80,65.0,magixx,76561199063238565,5,25,0,2,90959,19,ropz,76561197991272318,m4a1
342,80,100.0,chopper,76561198045898864,20,30,69,0,107310,100,broky,76561198201620490,hegrenade
343,80,100.0,chopper,76561198045898864,0,99,0,1,107453,69,broky,76561198201620490,glock
344,100,100.0,ropz,76561197991272318,0,498,0,0,107803,100,zont1x,76561198995880877,taser
345,100,100.0,ropz,76561197991272318,0,130,0,1,107891,100,SH1R0,76561198081484775,hkp2000
346,0,100.0,donk,76561198386265483,0,95,5,1,107925,100,ropz,76561197991272318,glock
347,0,100.0,donk,76561198386265483,0,95,0,1,107936,5,ropz,76561197991272318,glock
348,100,100.0,donk,76561198386265483,0,102,0,1,108411,100,karrigan,76561197989430253,glock
349,94,100.0,frozen,76561198068422762,6,18,82,2,109142,100,magixx,76561199063238565,elite
350,88,100.0,frozen,76561198068422762,6,18,63,5,109150,82,magixx,76561199063238565,elite
351,88,100.0,frozen,76561198068422762,0,130,0,1,109158,63,magixx,76561199063238565,elite
352,0,100.0,frozen,76561198068422762,0,29,71,2,110702,100,chopper,76561198045898864,elite
353,0,100.0,frozen,76561198068422762,0,36,34,3,110710,71,chopper,76561198045898864,elite
354,0,100.0,frozen,76561198068422762,0,36,0,3,110743,34,chopper,76561198045898864,elite
355,94,100.0,donk,76561198386265483,6,11,89,2,110801,100,frozen,76561198068422762,glock
356,95,89.0,frozen,76561198068422762,5,15,85,2,110812,100,donk,76561198386265483,elite
357,88,85.0,donk,76561198386265483,6,11,78,2,110861,89,frozen,76561198068422762,glock
358,88,85.0,donk,76561198386265483,0,96,0,1,111196,78,frozen,76561198068422762,glock
359,95,100.0,rain,76561197997351207,0,128,0,1,111305,85,donk,76561198386265483,hkp2000
360,100,100.0,rain,76561197997351207,0,0,99,0,114395,100,donk,76561198386265483,hegrenade
361,100,100.0,magixx,76561199063238565,0,0,99,0,114517,100,frozen,76561198068422762,molotov
362,100,100.0,magixx,76561199063238565,0,1,97,0,114517,100,frozen,76561198068422762,molotov
363,100,100.0,magixx,76561199063238565,0,1,95,0,114594,97,frozen,76561198068422762,inferno
364,100,100.0,magixx,76561199063238565,0,2,93,0,114607,95,frozen,76561198068422762,inferno
365,100,100.0,magixx,76561199063238565,0,3,90,0,114620,93,frozen,76561198068422762,inferno
366,96,90.0,frozen,76561198068422762,4,20,79,5,115688,100,zont1x,76561198995880877,famas
367,92,90.0,frozen,76561198068422762,4,20,59,5,115949,79,zont1x,76561198995880877,famas
368,86,90.0,frozen,76561198068422762,6,29,30,1,115955,59,zont1x,76561198995880877,famas
369,82,90.0,frozen,76561198068422762,4,20,9,2,115966,30,zont1x,76561198995880877,famas
370,99,9.0,zont1x,76561198995880877,1,32,57,3,115983,90,frozen,76561198068422762,tec9
371,78,57.0,frozen,76561198068422762,4,20,0,2,115990,9,zont1x,76561198995880877,famas
372,99,100.0,chopper,76561198045898864,1,20,79,2,116465,100,rain,76561197997351207,tec9
373,84,99.0,donk,76561198386265483,15,108,0,1,116483,79,rain,76561197997351207,ak47
374,97,100.0,SH1R0,76561198081484775,2,14,43,3,116619,57,frozen,76561198068422762,galilar
375,82,100.0,ropz,76561197991272318,18,54,44,1,117892,99,donk,76561198386265483,mp9
376,85,44.0,donk,76561198386265483,15,109,0,1,117896,100,ropz,76561197991272318,ak47
377,66,100.0,karrigan,76561197989430253,16,48,0,1,118658,44,donk,76561198386265483,mp9
378,87,100.0,SH1R0,76561198081484775,13,91,9,1,118728,100,karrigan,76561197989430253,galilar
379,74,100.0,SH1R0,76561198081484775,13,91,0,1,118734,9,karrigan,76561197989430253,galilar
380,97,100.0,SH1R0,76561198081484775,3,26,74,5,120605,100,broky,76561198201620490,ak47
381,97,100.0,SH1R0,76561198081484775,0,25,48,7,120618,74,broky,76561198201620490,ak47
382,93,100.0,SH1R0,76561198081484775,4,33,15,3,120625,48,broky,76561198201620490,ak47
383,93,100.0,SH1R0,76561198081484775,0,2,13,2,120631,15,broky,76561198201620490,ak47
384,92,100.0,SH1R0,76561198081484775,1,9,3,1,120637,13,broky,76561198201620490,ak47
385,92,100.0,SH1R0,76561198081484775,0,3,0,3,120644,3,broky,76561198201620490,ak47
386,84,43.0,frozen,76561198068422762,16,77,22,1,120934,100,chopper,76561198045898864,famas
387,80,43.0,frozen,76561198068422762,4,19,2,4,120940,22,chopper,76561198045898864,famas
388,76,43.0,frozen,76561198068422762,4,19,0,2,120957,2,chopper,76561198045898864,famas
389,96,43.0,frozen,76561198068422762,4,18,81,2,121004,100,SH1R0,76561198081484775,famas
390,80,43.0,frozen,76561198068422762,16,75,5,1,121062,81,SH1R0,76561198081484775,famas
391,73,43.0,frozen,76561198068422762,7,34,0,1,121106,5,SH1R0,76561198081484775,famas
392,92,100.0,magixx,76561199063238565,5,14,28,5,121205,43,frozen,76561198068422762,mac10
393,87,100.0,magixx,76561199063238565,5,14,14,2,121209,28,frozen,76561198068422762,mac10
394,82,100.0,magixx,76561199063238565,5,14,0,2,121214,14,frozen,76561198068422762,mac10
395,99,100.0,rain,76561197997351207,1,36,64,5,124509,100,magixx,76561199063238565,deagle
396,100,100.0,chopper,76561198045898864,0,0,99,0,126874,100,donk,76561198386265483,smokegrenade
397,99,100.0,karrigan,76561197989430253,1,23,76,2,127443,100,zont1x,76561198995880877,fiveseven
398,95,100.0,karrigan,76561197989430253,4,96,0,1,127453,76,zont1x,76561198995880877,fiveseven
399,60,,,,40,40,59,0,130041,100,rain,76561197997351207,
400,65,,,,35,35,64,0,130041,100,broky,76561198201620490,
401,72,,,,28,28,72,0,130041,100,ropz,76561197991272318,
402,95,,,,5,5,94,0,130041,99,donk,76561198386265483,
403,96,,,,4,4,95,0,130041,100,chopper,76561198045898864,
404,96,,,,4,4,95,0,130041,100,SH1R0,76561198081484775,
405,95,,,,4,4,59,0,130041,64,magixx,76561199063238565,
406,77,100.0,karrigan,76561197989430253,18,51,48,1,137340,100,donk,76561198386265483,mac10
407,95,100.0,zont1x,76561198995880877,5,14,86,2,137341,100,karrigan,76561197989430253,mac10
408,90,100.0,zont1x,76561198995880877,5,14,71,2,137346,86,karrigan,76561197989430253,mac10
409,85,100.0,zont1x,76561198995880877,5,14,57,2,137351,71,karrigan,76561197989430253,mac10
410,59,57.0,karrigan,76561197989430253,18,51,0,1,137355,48,donk,76561198386265483,mac10
411,80,100.0,zont1x,76561198995880877,5,14,42,5,137356,57,karrigan,76561197989430253,mac10
412,95,42.0,karrigan,76561197989430253,5,14,85,5,137364,100,zont1x,76561198995880877,mac10
413,75,85.0,zont1x,76561198995880877,5,14,27,5,137365,42,karrigan,76561197989430253,mac10
414,90,27.0,karrigan,76561197989430253,5,14,70,2,137369,85,zont1x,76561198995880877,mac10
415,70,70.0,zont1x,76561198995880877,5,14,13,2,137370,27,karrigan,76561197989430253,mac10
416,85,13.0,karrigan,76561197989430253,5,14,56,5,137374,70,zont1x,76561198995880877,mac10
417,65,56.0,zont1x,76561198995880877,5,14,0,5,137375,13,karrigan,76561197989430253,mac10
418,95,56.0,zont1x,76561198995880877,5,14,86,2,137496,100,frozen,76561198068422762,mac10
419,90,56.0,zont1x,76561198995880877,5,14,71,2,137500,86,frozen,76561198068422762,mac10
420,81,71.0,frozen,76561198068422762,4,14,42,2,137503,56,zont1x,76561198995880877,mp9
421,85,42.0,zont1x,76561198995880877,5,14,57,2,137510,71,frozen,76561198068422762,mac10
422,77,57.0,frozen,76561198068422762,4,14,27,2,137512,42,zont1x,76561198995880877,mp9
423,80,27.0,zont1x,76561198995880877,5,14,43,2,137520,57,frozen,76561198068422762,mac10
424,75,27.0,zont1x,76561198995880877,5,14,28,2,137524,43,frozen,76561198068422762,mac10
425,59,28.0,frozen,76561198068422762,18,56,0,1,137525,27,zont1x,76561198995880877,mp9
426,75,100.0,magixx,76561199063238565,0,128,0,1,137528,28,frozen,76561198068422762,m4a1
427,96,,,,0,1,99,0,137558,100,chopper,76561198045898864,
428,94,100.0,broky,76561198201620490,1,41,58,2,137655,100,magixx,76561199063238565,deagle
429,61,58.0,magixx,76561199063238565,4,22,78,2,137662,100,broky,76561198201620490,m4a1
430,57,58.0,magixx,76561199063238565,4,22,55,2,137668,78,broky,76561198201620490,m4a1
431,94,0.0,donk,76561198386265483,0,3,55,0,137699,58,magixx,76561199063238565,inferno
432,94,0.0,donk,76561198386265483,0,3,52,0,137712,55,magixx,76561199063238565,inferno
433,94,0.0,donk,76561198386265483,0,3,49,0,137725,52,magixx,76561199063238565,inferno
434,94,0.0,donk,76561198386265483,0,3,45,0,137738,49,magixx,76561199063238565,inferno
435,93,55.0,broky,76561198201620490,1,40,5,2,138119,45,magixx,76561199063238565,deagle
436,53,5.0,magixx,76561199063238565,4,22,33,2,138141,55,broky,76561198201620490,m4a1
437,92,33.0,broky,76561198201620490,1,40,0,2,138143,5,magixx,76561199063238565,deagle
438,57,100.0,SH1R0,76561198081484775,15,106,0,1,138147,100,ropz,76561197991272318,ak47
439,60,99.0,chopper,76561198045898864,0,119,0,1,138150,100,rain,76561197997351207,galilar
440,50,100.0,SH1R0,76561198081484775,3,27,6,2,138276,33,broky,76561198201620490,ak47
441,47,100.0,SH1R0,76561198081484775,3,27,0,2,138288,6,broky,76561198201620490,ak47
442,95,100.0,frozen,76561198068422762,5,25,74,4,141675,100,zont1x,76561198995880877,m4a1
443,95,74.0,zont1x,76561198995880877,5,14,86,5,141723,100,frozen,76561198068422762,mac10
444,81,100.0,karrigan,76561197989430253,19,90,10,1,141739,100,magixx,76561199063238565,m4a1
445,75,100.0,karrigan,76561197989430253,6,32,0,3,141746,10,magixx,76561199063238565,m4a1
446,95,100.0,chopper,76561198045898864,0,0,74,0,141859,74,zont1x,76561198995880877,flashbang
447,90,100.0,karrigan,76561197989430253,5,26,48,2,142038,74,zont1x,76561198995880877,m4a1
448,90,100.0,karrigan,76561197989430253,0,28,20,7,142057,48,zont1x,76561198995880877,m4a1
449,83,100.0,karrigan,76561197989430253,7,32,0,3,142064,20,zont1x,76561198995880877,m4a1
450,100,100.0,SH1R0,76561198081484775,0,3,97,0,142100,100,donk,76561198386265483,inferno
451,100,100.0,SH1R0,76561198081484775,0,3,94,0,142113,97,donk,76561198386265483,inferno
452,93,86.0,frozen,76561198068422762,2,3,82,0,142367,86,frozen,76561198068422762,hegrenade
453,100,86.0,frozen,76561198068422762,0,0,99,0,142367,100,karrigan,76561197989430253,hegrenade
454,96,99.0,karrigan,76561197989430253,4,12,81,2,142409,94,donk,76561198386265483,mac10
455,90,82.0,frozen,76561198068422762,6,28,52,3,142413,81,donk,76561198386265483,m4a1
456,90,99.0,karrigan,76561197989430253,0,16,36,6,142433,52,donk,76561198386265483,mac10
457,94,100.0,chopper,76561198045898864,6,28,71,3,142471,99,karrigan,76561197989430253,m4a1
458,90,100.0,chopper,76561198045898864,4,22,48,5,142476,71,karrigan,76561197989430253,m4a1
459,86,100.0,chopper,76561198045898864,4,22,26,2,142494,48,karrigan,76561197989430253,m4a1
460,82,100.0,chopper,76561198045898864,4,22,4,2,142499,26,karrigan,76561197989430253,m4a1
461,78,100.0,chopper,76561198045898864,4,22,0,2,142505,4,karrigan,76561197989430253,m4a1
462,89,100.0,chopper,76561198045898864,4,21,61,2,142590,82,frozen,76561198068422762,m4a1
463,97,36.0,donk,76561198386265483,3,26,73,2,142597,100,broky,76561198201620490,ak47
464,83,100.0,chopper,76561198045898864,14,22,50,0,142804,73,broky,76561198201620490,hegrenade
465,79,100.0,SH1R0,76561198081484775,4,27,23,2,142847,50,broky,76561198201620490,ak47
466,79,100.0,SH1R0,76561198081484775,0,142,0,1,142853,23,broky,76561198201620490,ak47
467,63,0.0,broky,76561198201620490,27,41,0,0,142937,36,donk,76561198386265483,hegrenade
468,78,100.0,SH1R0,76561198081484775,11,16,44,0,143132,61,frozen,76561198068422762,hegrenade
469,91,100.0,rain,76561197997351207,5,24,75,5,143209,100,SH1R0,76561198081484775,m4a1
470,97,75.0,SH1R0,76561198081484775,3,27,73,2,143213,100,rain,76561197997351207,ak47
471,89,73.0,rain,76561197997351207,2,10,65,2,143215,75,SH1R0,76561198081484775,m4a1
472,94,65.0,SH1R0,76561198081484775,3,27,46,2,143219,73,rain,76561197997351207,ak47
473,91,65.0,SH1R0,76561198081484775,3,27,18,2,143226,46,rain,76561197997351207,ak47
474,83,44.0,frozen,76561198068422762,6,30,34,3,143233,65,SH1R0,76561198081484775,m4a1
475,78,18.0,rain,76561197997351207,5,24,9,2,143235,34,SH1R0,76561198081484775,m4a1
476,72,44.0,frozen,76561198068422762,6,30,0,3,143240,9,SH1R0,76561198081484775,m4a1
477,78,100.0,ropz,76561197991272318,18,85,14,1,143548,100,chopper,76561198045898864,m4a1
478,72,100.0,ropz,76561197991272318,6,30,0,3,143567,14,chopper,76561198045898864,m4a1
479,95,100.0,rain,76561197997351207,5,8,92,0,148177,100,SH1R0,76561198081484775,hegrenade
480,97,100.0,rain,76561197997351207,3,5,94,0,148177,100,donk,76561198386265483,hegrenade
481,84,100.0,chopper,76561198045898864,16,110,0,1,150992,100,karrigan,76561197989430253,ak47
482,96,100.0,frozen,76561198068422762,4,27,72,2,151091,100,chopper,76561198045898864,ak47
483,92,100.0,frozen,76561198068422762,4,27,44,2,151104,72,chopper,76561198045898864,ak47
484,78,44.0,chopper,76561198045898864,0,142,0,1,151106,100,frozen,76561198068422762,ak47
485,96,100.0,magixx,76561199063238565,4,10,89,2,151156,100,ropz,76561197991272318,mac10
486,92,100.0,magixx,76561199063238565,4,10,78,2,151177,89,ropz,76561197991272318,mac10
487,88,100.0,magixx,76561199063238565,4,10,67,2,151182,78,ropz,76561197991272318,mac10
488,97,67.0,ropz,76561197991272318,3,26,73,2,151185,100,magixx,76561199063238565,ak47
489,93,67.0,ropz,76561197991272318,4,33,40,3,151191,73,magixx,76561199063238565,ak47
490,90,67.0,ropz,76561197991272318,3,26,13,5,151198,40,magixx,76561199063238565,ak47
491,90,67.0,ropz,76561197991272318,0,25,0,7,151204,13,magixx,76561199063238565,ak47
492,85,92.0,SH1R0,76561198081484775,3,26,40,2,151207,67,ropz,76561197991272318,ak47
493,82,92.0,SH1R0,76561198081484775,3,26,14,5,151213,40,ropz,76561197991272318,ak47
494,78,92.0,SH1R0,76561198081484775,4,33,0,3,151232,14,ropz,76561197991272318,ak47
495,88,,,,9,9,85,0,154327,94,donk,76561198386265483,
496,91,,,,9,9,90,0,154327,100,zont1x,76561198995880877,
497,85,,,,7,7,37,0,154327,44,chopper,76561198045898864,
498,90,,,,5,5,86,0,154327,92,SH1R0,76561198081484775,
499,100,100.0,SH1R0,76561198081484775,0,0,99,0,161003,100,frozen,76561198068422762,molotov
500,100,100.0,SH1R0,76561198081484775,0,1,98,0,161003,100,frozen,76561198068422762,molotov
501,94,98.0,frozen,76561198068422762,6,31,68,3,161004,100,magixx,76561199063238565,m4a1
502,86,100.0,karrigan,76561197989430253,5,16,84,3,161015,100,zont1x,76561198995880877,mp9
503,97,100.0,chopper,76561198045898864,3,27,70,2,161031,98,frozen,76561198068422762,ak47
504,97,68.0,magixx,76561199063238565,0,141,0,1,161045,70,frozen,76561198068422762,ak47
505,97,100.0,donk,76561198386265483,3,27,73,2,161088,100,karrigan,76561197989430253,ak47
506,94,100.0,donk,76561198386265483,3,27,46,2,161095,73,karrigan,76561197989430253,ak47
507,91,100.0,donk,76561198386265483,3,27,18,2,161101,46,karrigan,76561197989430253,ak47
508,88,100.0,donk,76561198386265483,3,27,0,2,161108,18,karrigan,76561197989430253,ak47
509,96,100.0,donk,76561198386265483,4,32,67,3,161175,100,broky,76561198201620490,ak47
510,92,100.0,donk,76561198386265483,4,32,34,3,161181,67,broky,76561198201620490,ak47
511,89,100.0,donk,76561198386265483,3,26,8,2,161200,34,broky,76561198201620490,ak47
512,89,100.0,donk,76561198386265483,0,25,0,6,161207,8,broky,76561198201620490,ak47
513,82,68.0,magixx,76561199063238565,9,14,86,0,161484,100,rain,76561197997351207,hegrenade
514,81,86.0,rain,76561197997351207,4,22,78,2,163735,100,chopper,76561198045898864,m4a1
515,67,78.0,chopper,76561198045898864,15,108,0,1,163739,86,rain,76561197997351207,ak47
516,70,100.0,ropz,76561197991272318,20,60,40,1,163817,100,SH1R0,76561198081484775,mp9
517,65,100.0,ropz,76561197991272318,5,15,25,5,163822,40,SH1R0,76561198081484775,mp9
518,45,100.0,ropz,76561197991272318,20,60,0,1,163826,25,SH1R0,76561198081484775,mp9
519,30,,,,58,58,42,0,164270,100,donk,76561198386265483,
520,67,,,,27,27,41,0,164270,68,magixx,76561199063238565,
521,75,,,,25,25,75,0,164270,100,ropz,76561197991272318,
522,62,,,,24,24,59,0,164270,84,zont1x,76561198995880877,
523,57,,,,24,24,53,0,164270,78,chopper,76561198045898864,
524,47,100.0,ropz,76561197991272318,15,109,0,1,167276,100,zont1x,76561198995880877,ak47
525,85,100.0,ropz,76561197991272318,15,104,0,1,168597,100,SH1R0,76561198081484775,ak47
526,27,100.0,ropz,76561197991272318,3,26,73,2,168696,100,donk,76561198386265483,ak47
527,24,100.0,ropz,76561197991272318,3,26,47,2,168728,73,donk,76561198386265483,ak47
528,21,100.0,ropz,76561197991272318,3,26,21,2,168745,47,donk,76561198386265483,ak47
529,18,100.0,ropz,76561197991272318,3,26,0,2,168767,21,donk,76561198386265483,ak47
530,64,100.0,ropz,76561197991272318,3,26,73,2,169903,100,magixx,76561199063238565,ak47
531,61,100.0,ropz,76561197991272318,3,26,47,5,169912,73,magixx,76561199063238565,ak47
532,58,100.0,ropz,76561197991272318,3,26,20,5,169918,47,magixx,76561199063238565,ak47
533,55,100.0,ropz,76561197991272318,3,26,0,2,169924,20,magixx,76561199063238565,ak47
534,70,100.0,chopper,76561198045898864,5,34,65,3,170028,100,ropz,76561197991272318,ak47
535,0,0.0,magixx,76561199063238565,0,8,92,0,170034,100,rain,76561197997351207,inferno
536,66,100.0,chopper,76561198045898864,4,27,38,2,170041,65,ropz,76561197991272318,ak47
537,62,100.0,chopper,76561198045898864,4,27,10,2,170060,38,ropz,76561197991272318,ak47
538,58,100.0,chopper,76561198045898864,4,27,0,2,170066,10,ropz,76561197991272318,ak47
539,54,100.0,karrigan,76561197989430253,3,27,72,2,171005,100,chopper,76561198045898864,ak47
540,51,100.0,karrigan,76561197989430253,3,27,45,2,171011,72,chopper,76561198045898864,ak47
541,100,45.0,chopper,76561198045898864,0,137,0,1,171016,100,frozen,76561198068422762,ak47
542,50,100.0,broky,76561198201620490,1,47,0,5,171039,45,chopper,76561198045898864,deagle
543,88,100.0,donk,76561198386265483,12,18,82,0,174061,100,broky,76561198201620490,hegrenade
544,85,100.0,donk,76561198386265483,3,27,54,4,174370,82,broky,76561198201620490,ak47
545,82,100.0,donk,76561198386265483,3,27,27,2,174377,54,broky,76561198201620490,ak47
546,78,100.0,donk,76561198386265483,4,33,0,3,174383,27,broky,76561198201620490,ak47
547,100,100.0,SH1R0,76561198081484775,0,8,92,0,174538,100,frozen,76561198068422762,inferno
548,100,100.0,SH1R0,76561198081484775,0,8,84,0,174550,92,frozen,76561198068422762,inferno
549,97,100.0,zont1x,76561198995880877,3,26,73,2,175036,100,karrigan,76561197989430253,ak47
550,94,100.0,zont1x,76561198995880877,3,26,46,2,175042,73,karrigan,76561197989430253,ak47
551,91,100.0,zont1x,76561198995880877,3,26,19,2,175048,46,karrigan,76561197989430253,ak47
552,88,100.0,zont1x,76561198995880877,3,26,0,2,175055,19,karrigan,76561197989430253,ak47
553,96,84.0,frozen,76561198068422762,4,22,77,2,175066,100,zont1x,76561198995880877,m4a1
554,96,84.0,frozen,76561198068422762,0,24,53,6,175072,77,zont1x,76561198995880877,m4a1
555,90,84.0,frozen,76561198068422762,6,28,25,3,175083,53,zont1x,76561198995880877,m4a1
556,86,84.0,frozen,76561198068422762,4,22,3,5,175089,25,zont1x,76561198995880877,m4a1
557,85,3.0,zont1x,76561198995880877,15,109,0,1,175093,84,frozen,76561198068422762,ak47
558,97,100.0,donk,76561198386265483,3,26,74,2,175628,100,rain,76561197997351207,ak47
559,94,100.0,donk,76561198386265483,3,26,47,4,175642,74,rain,76561197997351207,ak47
560,79,100.0,donk,76561198386265483,15,105,0,1,175656,47,rain,76561197997351207,ak47
561,85,100.0,ropz,76561197991272318,15,108,0,1,177203,100,chopper,76561198045898864,ak47
562,84,100.0,SH1R0,76561198081484775,16,110,0,1,177351,100,ropz,76561197991272318,ak47
563,70,100.0,frozen,76561198068422762,30,46,53,0,179649,100,magixx,76561199063238565,hegrenade
564,100,100.0,frozen,76561198068422762,0,0,99,0,179649,100,donk,76561198386265483,hegrenade
565,85,100.0,frozen,76561198068422762,1,36,63,5,179799,100,zont1x,76561198995880877,deagle
566,65,100.0,karrigan,76561197989430253,5,26,27,4,179816,53,magixx,76561199063238565,m4a1
567,60,100.0,karrigan,76561197989430253,5,26,1,4,179822,27,magixx,76561199063238565,m4a1
568,54,100.0,karrigan,76561197989430253,6,32,0,3,179828,1,magixx,76561199063238565,m4a1
569,84,100.0,frozen,76561198068422762,1,36,27,2,179832,63,zont1x,76561198995880877,deagle
570,100,27.0,zont1x,76561198995880877,0,39,61,1,179834,100,broky,76561198201620490,ak47
571,99,27.0,zont1x,76561198995880877,1,7,53,2,179847,61,broky,76561198201620490,ak47
572,99,27.0,zont1x,76561198995880877,0,40,13,1,179853,53,broky,76561198201620490,ak47
573,83,100.0,frozen,76561198068422762,1,46,0,3,179856,27,zont1x,76561198995880877,deagle
574,96,99.0,donk,76561198386265483,4,27,73,2,179890,100,karrigan,76561197989430253,ak47
575,95,73.0,karrigan,76561197989430253,5,26,73,2,179902,99,donk,76561198386265483,m4a1
576,92,73.0,donk,76561198386265483,4,27,45,2,179903,73,karrigan,76561197989430253,ak47
577,90,45.0,karrigan,76561197989430253,5,26,46,5,179908,73,donk,76561198386265483,m4a1
578,88,46.0,donk,76561198386265483,4,27,17,2,179909,45,karrigan,76561197989430253,ak47
579,84,46.0,donk,76561198386265483,4,27,0,2,179915,17,karrigan,76561197989430253,ak47
580,97,46.0,donk,76561198386265483,3,27,73,2,179985,100,frozen,76561198068422762,ak47
581,89,73.0,frozen,76561198068422762,1,38,8,2,179986,46,donk,76561198386265483,deagle
582,97,8.0,donk,76561198386265483,0,139,0,1,179997,73,frozen,76561198068422762,ak47
583,96,8.0,donk,76561198386265483,3,27,0,2,180087,13,broky,76561198201620490,ak47
584,85,100.0,rain,76561197997351207,4,21,0,2,180420,8,donk,76561198386265483,m4a1
585,67,100.0,SH1R0,76561198081484775,33,49,50,0,180439,100,rain,76561197997351207,hegrenade
586,95,50.0,rain,76561197997351207,5,27,73,3,180529,100,SH1R0,76561198081484775,m4a1
587,90,50.0,rain,76561197997351207,5,27,45,3,180535,73,SH1R0,76561198081484775,m4a1
588,64,45.0,SH1R0,76561198081484775,3,26,23,2,180543,50,rain,76561197997351207,ak47
589,61,45.0,SH1R0,76561198081484775,3,26,0,2,180550,23,rain,76561197997351207,ak47
590,96,100.0,ropz,76561197991272318,4,14,85,5,181759,100,chopper,76561198045898864,mp9
591,96,100.0,chopper,76561198045898864,4,27,72,2,181759,100,ropz,76561197991272318,ak47
592,92,85.0,chopper,76561198045898864,4,27,44,2,181765,72,ropz,76561197991272318,ak47
593,88,85.0,chopper,76561198045898864,4,27,16,2,181771,44,ropz,76561197991272318,ak47
594,85,45.0,SH1R0,76561198081484775,3,27,0,5,181775,16,ropz,76561197991272318,ak47
595,0,,,,90,544,0,0,184297,45,SH1R0,76561198081484775,
596,0,,,,96,534,0,0,184297,85,chopper,76561198045898864,
