,armor,attacker_approximate_spotted_by,attacker_name,attacker_pitch,attacker_steamid,attacker_yaw,dmg_armor,dmg_health,health,hitgroup,tick,user_approximate_spotted_by,user_name,user_pitch,user_steamid,user_yaw,weapon
0,94,[76561197997351207],donk,0.4676056,76561198386265483,-24.303467,6,13,86,2,2231,[76561198386265483],rain,0.0,76561197997351207,155.76349,hkp2000
1,88,[76561197997351207],donk,0.05493164,76561198386265483,-24.523544,6,13,73,5,2246,[76561198386265483],rain,0.1980896,76561197997351207,155.6052,hkp2000
2,100,[],rain,0.31689453,76561197997351207,155.724,0,75,25,1,2272,[],zont1x,0.5774689,76561198995880877,-21.87584,glock
3,98,[],donk,0.32992554,76561198386265483,-24.138336,2,5,19,2,2278,[],zont1x,0.5774689,76561198995880877,-22.591675,hkp2000
4,80,[],donk,0.05493164,76561198386265483,-23.946075,8,16,57,3,2295,[],rain,0.1980896,76561197997351207,155.05072,hkp2000
5,80,[],zont1x,0.32341003,76561198995880877,-25.918121,0,72,0,1,2301,[],rain,0.1980896,76561197997351207,155.4071,hkp2000
6,96,[],frozen,0.39619446,76561198068422762,160.8038,4,8,91,2,2348,[76561198068422762],donk,0.6324005,76561198386265483,-12.148468,glock
7,92,[76561198386265483],frozen,0.13217163,76561198068422762,161.77197,4,8,83,2,2387,[76561198068422762],donk,-0.24752808,76561198386265483,-18.41858,glock
8,93,[76561198068422762],donk,0.08239746,76561198386265483,-18.693573,7,16,84,3,2396,[76561198386265483],frozen,0.44013977,76561198068422762,161.63977,hkp2000
9,88,[76561198386265483],frozen,0.5719757,76561198068422762,161.59583,4,8,75,2,2400,[76561198068422762],donk,0.1376648,76561198386265483,-18.638306,glock
10,84,[76561198386265483],broky,0.41781616,76561198201620490,161.99924,4,8,67,5,2412,"[76561198068422762, 76561198201620490]",donk,0.6049347,76561198386265483,-19.133377,glock
11,80,[76561198386265483],frozen,0.7481079,76561198068422762,161.24393,4,8,58,5,2414,"[76561198068422762, 76561198201620490]",donk,0.6876831,76561198386265483,-18.996048,glock
12,80,[],frozen,-1.7159271,76561198068422762,157.85535,0,13,45,6,2456,"[76561198068422762, 76561198201620490]",donk,9.4049835,76561198386265483,52.338867,glock
13,75,[],broky,-1.6300964,76561198201620490,159.90979,5,10,35,3,2458,"[76561198068422762, 76561198201620490]",donk,9.184906,76561198386265483,63.0914,glock
14,0,[],SH1R0,1.4642639,76561198081484775,-45.32306,0,10,90,1,2484,[],karrigan,-2.0987244,76561197989430253,134.69376,hkp2000
15,93,[],SH1R0,-4.484482,76561198081484775,114.65881,0,3,81,6,6002,[],frozen,7.7000427,76561198068422762,-63.816833,hkp2000
16,100,[],ropz,4.3615723,76561197991272318,-64.85264,0,84,15,1,6059,[],SH1R0,-4.5301514,76561198081484775,114.26984,glock
17,93,[],donk,-4.4000244,76561198386265483,87.39795,0,126,0,1,6161,[],frozen,4.004181,76561198068422762,-56.468353,hkp2000
18,92,[],donk,-5.609894,76561198386265483,87.727905,8,16,84,2,6220,[],ropz,8.995392,76561197991272318,-94.135666,hkp2000
19,68,[],ropz,9.345932,76561197991272318,-92.889404,7,12,22,2,6223,[],donk,-4.757416,76561198386265483,87.37048,glock
20,92,[76561197989430253],SH1R0,-5.3311157,76561198081484775,114.86447,0,117,0,1,6248,"[76561198081484775, 76561198386265483]",ropz,7.904999,76561197991272318,-92.616806,hkp2000
21,0,[76561198201620490],donk,-3.4373474,76561198386265483,46.2854,0,31,69,2,6449,[76561198386265483],broky,4.179962,76561198201620490,-134.32228,hkp2000
22,0,[76561198201620490],donk,-1.7598724,76561198386265483,40.043106,0,124,0,1,6491,[76561198386265483],broky,1.8391724,76561198201620490,-141.00986,hkp2000
23,0,[],zont1x,0.87786865,76561198995880877,59.032288,0,107,0,1,6528,[76561198995880877],karrigan,3.3264465,76561197989430253,-63.85975,hkp2000
24,82,[76561198068422762],magixx,11.853912,76561199063238565,-169.66873,18,55,45,1,9853,[76561199063238565],frozen,-10.076172,76561198068422762,12.703629,mp9
25,78,[76561198068422762],magixx,11.853912,76561199063238565,-169.9925,4,13,31,2,9857,[76561199063238565],frozen,-10.208008,76561198068422762,10.635452,mp9
26,95,[76561199063238565],frozen,-9.679993,76561198068422762,9.007416,5,96,3,1,9860,[76561198068422762],magixx,11.912613,76561199063238565,-170.81577,tec9
27,60,[76561198068422762],magixx,12.030365,76561199063238565,-170.904,18,55,0,1,9862,[76561199063238565],frozen,-9.723938,76561198068422762,8.039581,mp9
28,96,[],magixx,11.912613,76561199063238565,-169.81601,4,13,86,5,9912,[],ropz,-10.319244,76561197991272318,4.852173,mp9
29,94,[],ropz,-9.384735,76561197991272318,8.590622,1,23,0,5,9915,[],magixx,11.70697,76561199063238565,-170.78659,tec9
30,96,[],chopper,8.315964,76561198045898864,-83.99666,0,1,85,0,9946,[],ropz,-8.0217285,76561197991272318,13.769653,inferno
31,96,[],chopper,8.439209,76561198045898864,-74.725914,0,2,82,0,9959,[],ropz,-9.112122,76561197991272318,17.235138,inferno
32,96,[],chopper,9.455795,76561198045898864,-45.312073,0,3,79,0,9972,[],ropz,-9.734924,76561197991272318,14.626236,inferno
33,96,[],chopper,2.4640198,76561198045898864,-43.463974,0,4,74,0,9997,[],ropz,-7.203949,76561197991272318,6.1372375,inferno
34,87,[],SH1R0,2.814209,76561198081484775,-53.999176,9,14,60,0,11932,[],ropz,0.50605774,76561197991272318,123.73627,hegrenade
35,96,[],SH1R0,0.34332275,76561198081484775,-46.792145,4,14,86,2,12008,[],karrigan,-1.7025452,76561197989430253,125.269196,mp9
36,77,[],SH1R0,3.043213,76561198081484775,-48.988724,19,59,26,1,12026,[],karrigan,-0.6729126,76561197989430253,146.85083,mp9
37,73,[],SH1R0,4.2098236,76561198081484775,-48.988724,4,14,11,2,12031,[],karrigan,-2.4551086,76561197989430253,121.11087,mp9
38,69,[],SH1R0,6.0404205,76561198081484775,-46.72348,4,14,0,2,12035,[],karrigan,0.35636902,76561197989430253,132.27814,mp9
39,95,[],rain,1.1878967,76561197997351207,48.009567,5,104,0,1,12139,[],SH1R0,0.7093048,76561198081484775,-136.43613,tec9
40,96,[76561197991272318],zont1x,1.6400452,76561198995880877,-145.61313,4,13,87,2,12196,[],broky,-0.9613037,76561198201620490,35.695267,mp9
41,83,[76561197991272318],zont1x,0.0,76561198995880877,-151.45752,4,14,46,2,12201,[],ropz,1.7523193,76561197991272318,30.202454,mp9
42,79,[76561197991272318],zont1x,-0.5774689,76561198995880877,-152.58945,4,14,31,2,12205,[],ropz,0.97332764,76561197991272318,29.034119,mp9
43,75,[76561197991272318],zont1x,0.8315277,76561198995880877,-151.1571,4,14,17,2,12210,[],ropz,2.8815002,76561197991272318,28.216324,mp9
44,71,[76561197991272318],zont1x,2.9566956,76561198995880877,-149.70177,4,14,3,2,12214,[],ropz,2.8423767,76561197991272318,26.931274,mp9
45,67,[76561197991272318],zont1x,4.4120483,76561198995880877,-150.53363,4,14,0,2,12219,[],ropz,3.4654999,76561197991272318,28.29425,mp9
46,96,[],zont1x,10.348785,76561198995880877,-154.3222,0,16,70,7,12245,[],broky,-0.9197693,76561198201620490,30.261505,mp9
47,94,[],broky,-1.588562,76561198201620490,34.52487,6,21,79,2,12264,[],zont1x,4.5043945,76561198995880877,-146.83743,p250
48,92,[],zont1x,10.210083,76561198995880877,-145.56714,4,13,57,5,12288,[],broky,-1.6719818,76561198201620490,33.020096,mp9
49,88,[],broky,-1.7138672,76561198201620490,34.35768,6,21,57,2,12292,[],zont1x,11.226318,76561198995880877,-146.81442,p250
50,87,[],zont1x,12.242889,76561198995880877,-151.59622,5,16,40,3,12301,[],broky,-0.79444885,76561198201620490,34.06517,mp9
51,82,[],zont1x,12.150543,76561198995880877,-151.11111,5,16,24,3,12305,[],broky,-0.08377075,76561198201620490,33.64734,mp9
52,77,[],zont1x,12.427597,76561198995880877,-149.77112,5,16,7,3,12310,[],broky,0.041885376,76561198201620490,32.476624,mp9
53,72,[],zont1x,12.104187,76561198995880877,-149.03195,5,16,0,3,12319,[],broky,2.0898132,76561198201620490,32.058792,mp9
54,99,[],rain,-2.4554443,76561197997351207,-9.410477,1,22,77,2,12486,[],chopper,5.543976,76561198045898864,171.1821,tec9
55,95,[76561198045898864],rain,-3.8414307,76561197997351207,-11.430237,4,91,0,1,12496,[76561197997351207],chopper,3.7267761,76561198045898864,166.50055,tec9
56,69,[],zont1x,0.09234619,76561198995880877,-149.9541,31,64,35,1,12555,[],rain,0.23757935,76561197997351207,26.348297,hkp2000
57,83,"[76561198386265483, 76561198995880877]",rain,-1.5446167,76561197997351207,27.971878,5,97,0,1,12627,[76561197997351207],zont1x,1.8247681,76561198995880877,-151.13205,tec9
58,63,[76561197997351207],donk,2.8598785,76561198386265483,-156.6077,6,31,4,3,12646,"[76561198386265483, 76561198995880877]",rain,3.8805847,76561197997351207,26.308823,m4a1
59,57,[76561197997351207],donk,4.290161,76561198386265483,-156.66263,6,31,0,3,12652,"[76561198386265483, 76561198995880877]",rain,4.395569,76561197997351207,27.457245,m4a1
60,83,[],donk,4.895096,76561198386265483,-59.757042,17,80,19,1,17993,"[76561198081484775, 76561198386265483]",broky,-4.890625,76561198201620490,136.20334,m4a1
61,66,[],donk,5.2525024,76561198386265483,-59.949303,17,80,0,1,18000,"[76561198081484775, 76561198386265483]",broky,-3.8874512,76561198201620490,133.44476,m4a1
62,95,[76561197997351207],donk,5.2250366,76561198386265483,-87.50439,5,24,76,5,18125,"[76561198045898864, 76561198386265483]",rain,-2.2573547,76561197997351207,91.32968,m4a1
63,90,[76561197997351207],donk,6.2426453,76561198386265483,-88.63186,5,24,51,2,18131,"[76561198045898864, 76561198386265483]",rain,-2.3363037,76561197997351207,93.23065,m4a1
64,84,[76561197997351207],donk,8.359909,76561198386265483,-87.94418,6,30,21,3,18137,"[76561198045898864, 76561198386265483]",rain,-2.5344086,76561197997351207,92.9931,m4a1
65,97,[],frozen,-4.5318604,76561198068422762,115.15079,3,26,74,2,18144,[76561197997351207],donk,9.625061,76561198386265483,-87.28432,ak47
66,79,[76561197997351207],donk,9.625061,76561198386265483,-87.28432,5,24,0,2,18144,"[76561198045898864, 76561198386265483]",rain,-2.574234,76561197997351207,93.27014,m4a1
67,94,[],frozen,-4.4439697,76561198068422762,115.54663,3,26,47,2,18150,[76561197997351207],donk,9.954987,76561198386265483,-87.25685,ak47
68,91,[],frozen,-1.3640137,76561198068422762,115.72278,3,26,21,2,18163,[76561198068422762],donk,11.302521,76561198386265483,-84.094505,ak47
69,88,[],frozen,2.5962067,76561198068422762,114.842834,3,26,0,5,18176,[76561198068422762],donk,6.545105,76561198386265483,-64.212,ak47
70,95,[],chopper,8.088684,76561198045898864,-64.81384,5,24,75,3,18345,[76561198045898864],frozen,-6.159897,76561198068422762,118.759125,famas
71,95,[76561198068422762],chopper,12.46228,76561198045898864,-67.18517,0,21,54,6,18363,[76561198045898864],frozen,-6.336029,76561198068422762,114.44699,famas
72,84,[],chopper,5.9940796,76561198045898864,-79.32026,16,77,22,1,18430,[],karrigan,-1.7423706,76561197989430253,108.995026,famas
73,68,[],chopper,6.3638306,76561198045898864,-78.70434,16,77,0,1,18436,[],karrigan,-2.8114624,76561197989430253,111.212524,famas
74,91,[],SH1R0,4.9421387,76561198081484775,-35.40103,4,13,41,2,18446,[],frozen,-4.6200867,76561198068422762,146.78766,mp9
75,97,[],frozen,-2.771988,76561198068422762,144.5437,3,27,73,2,18453,[],SH1R0,5.468445,76561198081484775,-33.296127,ak47
76,87,[],SH1R0,5.9944153,76561198081484775,-34.851715,4,13,28,2,18455,[],frozen,-2.6840973,76561198068422762,145.95166,mp9
77,94,[],frozen,-2.156067,76561198068422762,145.1596,3,27,46,2,18460,[],SH1R0,6.81839,76561198081484775,-36.613647,ak47
78,83,[],SH1R0,7.8706665,76561198081484775,-35.240707,4,13,15,2,18464,[],frozen,-1.8038177,76561198068422762,144.4115,mp9
79,79,[],SH1R0,9.952927,76561198081484775,-34.737396,4,13,2,2,18469,[],frozen,0.17611694,76561198068422762,145.33539,mp9
80,91,[],frozen,1.1878967,76561198068422762,145.11533,3,27,19,2,18472,[],SH1R0,10.662231,76561198081484775,-35.172043,ak47
81,87,[],frozen,6.1159515,76561198068422762,145.11533,4,33,0,3,18485,[],SH1R0,13.018799,76561198081484775,-35.835693,ak47
82,0,[],chopper,5.0701904,76561198045898864,-75.377884,0,27,73,2,18495,[],ropz,-4.0106964,76561197991272318,105.51166,famas
83,0,[],chopper,8.211945,76561198045898864,-75.50114,0,20,52,7,18513,[],ropz,-3.8939667,76561197991272318,103.33087,famas
84,0,[76561197991272318],chopper,9.7517395,76561198045898864,-78.05752,0,27,25,5,18530,[],ropz,-4.3220825,76561197991272318,102.74689,famas
85,0,[76561197991272318],chopper,10.059692,76561198045898864,-78.18077,0,33,0,3,18536,[],ropz,-4.2832947,76561197991272318,102.39636,famas
86,74,[76561198068422762],zont1x,3.1877441,76561198995880877,-18.58406,5,24,0,2,21109,[76561198995880877],frozen,0.615921,76561198068422762,169.10364,m4a1
87,98,[],magixx,19.324951,76561199063238565,-158.05687,2,12,87,3,24260,[],rain,-12.038605,76561197997351207,34.350464,m4a1
88,96,[],magixx,18.972015,76561199063238565,-157.73346,2,10,77,2,24266,[],rain,-11.484146,76561197997351207,34.904602,m4a1
89,91,[],magixx,18.001434,76561199063238565,-157.46875,5,25,51,4,24272,[],rain,-10.692108,76561197997351207,35.57785,m4a1
90,99,[76561199063238565],ropz,-14.953079,76561197991272318,16.845825,1,26,73,2,24310,[76561197991272318],magixx,25.648956,76561199063238565,-159.6159,tec9
91,95,[76561197991272318],magixx,25.619781,76561199063238565,-159.99835,5,25,74,2,24311,[76561199063238565],ropz,-16.315735,76561197991272318,15.288162,m4a1
92,90,[76561197991272318],magixx,25.413788,76561199063238565,-161.49834,5,25,48,5,24317,[76561199063238565],ropz,-17.523193,76561197991272318,16.456146,m4a1
93,85,[76561197991272318],magixx,25.678482,76561199063238565,-162.49844,5,25,22,2,24324,[76561199063238565],ropz,-16.315735,76561197991272318,18.831604,m4a1
94,98,[76561199063238565],ropz,-15.965546,76561197991272318,22.06363,1,26,47,2,24327,[76561197991272318],magixx,25.708008,76561199063238565,-162.49844,tec9
95,97,[76561199063238565],ropz,-16.744202,76561197991272318,23.192825,1,33,13,3,24335,[76561197991272318],magixx,29.090424,76561199063238565,-159.08649,tec9
96,80,[76561197991272318],magixx,29.531586,76561199063238565,-157.90993,5,25,0,2,24336,[76561199063238565],ropz,-17.522858,76561197991272318,22.686768,m4a1
97,96,[],broky,-4.6396637,76561198201620490,37.494278,1,22,0,2,24385,[],magixx,24.913559,76561199063238565,-140.20271,tec9
98,70,[],zont1x,1.547699,76561198995880877,-117.608986,21,31,19,0,24529,[],rain,-5.2274323,76561197997351207,47.93335,hegrenade
99,93,[],zont1x,1.547699,76561198995880877,-117.608986,7,11,89,0,24529,[],frozen,-8.976166,76561198068422762,41.347733,hegrenade
100,0,[],donk,5.8848877,76561198386265483,-33.97522,0,22,78,0,24937,[],broky,-4.4309235,76561198201620490,45.2695,hegrenade
101,66,[],donk,5.8848877,76561198386265483,-33.97522,4,6,12,0,24937,[],rain,-4.07901,76561197997351207,44.17122,hegrenade
102,89,[],donk,5.8848877,76561198386265483,-33.97522,4,6,83,0,24937,[],frozen,-7.7000427,76561198068422762,0.259552,hegrenade
103,99,[],SH1R0,-1.578598,76561198081484775,-128.92662,1,2,97,0,26167,[],karrigan,2.3761292,76561197989430253,33.16394,hegrenade
104,94,[76561197989430253],SH1R0,-1.0982971,76561198081484775,-146.0629,5,24,73,5,26317,[76561198081484775],karrigan,1.505127,76561197989430253,34.114258,m4a1
105,93,[76561197989430253],SH1R0,1.2356262,76561198081484775,-145.28424,1,8,64,3,26473,[76561198081484775],karrigan,2.8512878,76561197989430253,32.649307,m4a1
106,63,[],donk,5.3623657,76561198386265483,-58.70098,3,26,0,2,26741,[],rain,-4.356079,76561197997351207,122.142914,ak47
107,100,[],broky,-3.970871,76561198201620490,121.177826,0,17,83,5,26873,[],donk,5.4725647,76561198386265483,-60.928802,tec9
108,100,[76561198386265483],broky,-3.7621307,76561198201620490,120.29996,0,17,65,5,26891,[76561198201620490],donk,11.962402,76561198386265483,-59.00379,tec9
109,0,[76561198201620490],donk,13.99762,76561198386265483,-61.17634,0,34,44,2,26900,[76561198386265483],broky,-4.179962,76561198201620490,119.881775,ak47
110,88,[],SH1R0,-2.0819092,76561198081484775,-138.93964,5,24,40,2,26903,[],karrigan,2.5344086,76561197989430253,48.410217,m4a1
111,0,[76561198201620490],donk,14.382477,76561198386265483,-61.80874,0,34,9,2,26906,[76561198386265483],broky,-4.263733,76561198201620490,119.881775,ak47
112,0,[],donk,15.07016,76561198386265483,-60.323524,0,34,0,2,26913,[],broky,-4.3471527,76561198201620490,119.881775,ak47
113,83,[],SH1R0,-2.1279144,76561198081484775,-138.25333,5,24,15,2,26915,[76561198081484775],karrigan,5.425537,76561197989430253,45.20256,m4a1
114,77,[],SH1R0,0.091674805,76561198081484775,-133.10555,6,31,0,3,26935,[76561198081484775],karrigan,7.8806305,76561197989430253,50.192078,m4a1
115,95,[],frozen,3.1678467,76561198068422762,88.918884,5,105,0,1,26997,[],donk,2.777481,76561198386265483,-96.678314,tec9
116,99,[76561198081484775],frozen,1.0117798,76561198068422762,160.68295,1,25,75,2,27083,[],SH1R0,0.25164795,76561198081484775,-18.682938,tec9
117,84,[],SH1R0,0.4576416,76561198081484775,-17.332993,5,25,58,2,27086,[76561198081484775],frozen,0.7920532,76561198068422762,159.80301,m4a1
118,98,[76561198081484775],frozen,0.87994385,76561198068422762,163.45493,1,25,49,2,27091,[],SH1R0,1.1896057,76561198081484775,-14.518768,tec9
119,66,[],SH1R0,1.1896057,76561198081484775,-14.198456,18,88,0,1,27092,[76561198081484775],frozen,1.4519043,76561198068422762,163.89471,m4a1
120,90,[],donk,12.0448,76561198386265483,88.90753,10,16,84,0,29522,[],broky,-10.700684,76561198201620490,154.59894,hegrenade
121,100,[],zont1x,2.9336853,76561198995880877,-80.027504,0,25,75,7,30166,[],ropz,7.6712036,76561197991272318,97.725464,ak47
122,97,[],ropz,8.177261,76561197991272318,98.11478,3,26,74,2,30172,[],zont1x,3.2571106,76561198995880877,-79.79645,ak47
123,97,[],zont1x,5.5209656,76561198995880877,-79.31133,3,26,48,5,30179,[],ropz,8.605728,76561197991272318,100.373505,ak47
124,94,[],ropz,8.683655,76561197991272318,101.15216,3,26,47,2,30185,[],zont1x,7.0456696,76561198995880877,-79.81945,ak47
125,93,[],zont1x,8.431671,76561198995880877,-80.90504,4,33,15,3,30191,[],ropz,8.605728,76561197991272318,101.89203,ak47
126,89,[],zont1x,9.886658,76561198995880877,-81.11309,4,33,0,3,30198,[],ropz,8.956268,76561197991272318,103.60553,ak47
127,82,[],chopper,-0.86242676,76561198045898864,-98.01521,18,87,12,1,33665,[76561198045898864],rain,2.0382996,76561197997351207,118.89096,m4a1
128,81,[76561198045898864],frozen,1.4962006,76561198068422762,82.57736,1,9,3,5,33678,[76561198045898864],rain,6.711273,76561197997351207,70.10376,ak47
129,98,[76561198045898864],frozen,1.4962006,76561198068422762,82.57736,2,17,82,2,33678,[],chopper,1.1394958,76561198045898864,-96.10565,ak47
130,76,[76561198045898864],frozen,1.5840912,76561198068422762,82.2251,5,36,0,1,33684,[76561198045898864],rain,6.711273,76561197997351207,70.10376,ak47
131,96,[76561198045898864],frozen,1.5840912,76561198068422762,82.2251,2,17,65,2,33684,[76561198068422762],chopper,1.5397949,76561198045898864,-96.93718,ak47
132,95,[76561198068422762],chopper,1.9710083,76561198045898864,-96.75213,5,24,75,2,33690,[76561198045898864],frozen,2.2879028,76561198068422762,81.5213,m4a1
133,89,[76561198068422762],chopper,3.7267761,76561198045898864,-96.16711,6,31,44,3,33697,[76561198045898864],frozen,4.487915,76561198068422762,82.00537,m4a1
134,93,[76561198045898864],frozen,7.304199,76561198068422762,82.7092,3,27,37,2,33704,[76561198068422762],chopper,4.958618,76561198045898864,-96.10565,ak47
135,84,[76561198068422762],chopper,5.574875,76561198045898864,-96.29036,5,24,20,5,33709,[76561198045898864],frozen,8.492096,76561198068422762,82.18115,m4a1
136,89,[76561198045898864],frozen,8.579987,76561198068422762,82.09326,4,34,3,3,33710,[76561198068422762],chopper,5.605438,76561198045898864,-96.351814,ak47
137,85,[],frozen,9.548157,76561198068422762,81.08118,4,34,0,3,33716,[76561198068422762],chopper,6.159897,76561198045898864,-97.18334,ak47
138,100,[],zont1x,4.273346,76561198995880877,-65.44212,0,6,93,0,33762,[],karrigan,5.187958,76561197989430253,70.502014,inferno
139,100,[],zont1x,4.366028,76561198995880877,-65.32677,0,7,86,0,33775,[],karrigan,4.1188354,76561197989430253,58.78064,inferno
140,100,[76561197989430253],zont1x,4.4350433,76561198995880877,-65.44212,0,8,78,0,33787,[],karrigan,2.0596008,76561197989430253,39.495514,inferno
141,90,[],karrigan,-1.5834045,76561197989430253,35.891647,4,27,20,2,33800,[76561197989430253],zont1x,-1.7094116,76561198995880877,-178.1471,ak47
142,100,[76561197989430253],zont1x,-1.7094116,76561198995880877,-178.1471,0,8,70,0,33800,[],karrigan,-1.5834045,76561197989430253,35.891647,inferno
143,86,[],karrigan,0.9111786,76561197989430253,35.931473,4,27,0,2,33807,[76561197989430253],zont1x,-1.7094116,76561198995880877,-178.1471,ak47
144,100,[76561197989430253],zont1x,-1.3166504,76561198995880877,-176.29898,0,8,62,0,33813,[],karrigan,3.6042023,76561197989430253,34.86203,inferno
145,100,[76561197989430253],zont1x,10.002365,76561198995880877,-129.10583,0,8,54,0,33826,[],karrigan,7.2471924,76561197989430253,38.307266,inferno
146,100,[76561197989430253],zont1x,9.632599,76561198995880877,-129.22119,0,8,46,0,33839,[],karrigan,9.860916,76561197989430253,59.21631,inferno
147,100,"[76561198068422762, 76561197989430253]",zont1x,9.632599,76561198995880877,-129.22119,0,8,38,0,33851,[],karrigan,11.959656,76561197989430253,66.38385,inferno
148,97,[],karrigan,11.761551,76561197989430253,66.22525,3,27,73,2,33852,"[76561198068422762, 76561197989430253]",magixx,1.3235168,76561199063238565,-106.28277,ak47
149,93,"[76561198068422762, 76561197989430253]",magixx,0.55892944,76561199063238565,-117.31304,7,16,22,2,33856,[],karrigan,12.11792,76561197989430253,66.502655,hkp2000
150,94,[],karrigan,11.880341,76561197989430253,65.75009,3,27,46,2,33864,"[76561198068422762, 76561197989430253]",magixx,1.2943268,76561199063238565,-119.01901,ak47
151,93,"[76561198068422762, 76561197989430253]",zont1x,9.632599,76561198995880877,-129.22119,0,8,14,0,33864,[],karrigan,11.880341,76561197989430253,65.75009,inferno
152,86,"[76561198068422762, 76561197989430253]",magixx,1.2943268,76561199063238565,-119.401474,7,16,0,2,33866,[],karrigan,12.474289,76561197989430253,67.05711,hkp2000
153,91,[],frozen,20.41603,76561198068422762,27.225159,3,27,18,2,33893,[76561198068422762],magixx,-2.70607,76561199063238565,-138.93242,ak47
154,77,[76561198068422762],magixx,-9.5890045,76561199063238565,-152.34535,7,15,4,2,33923,[],frozen,23.495972,76561198068422762,29.77707,hkp2000
155,87,[],frozen,24.024017,76561198068422762,29.029312,4,34,0,3,33931,[76561198068422762],magixx,-9.61853,76561199063238565,-152.34535,ak47
156,89,[],SH1R0,2.2693634,76561198081484775,-18.774948,1,109,0,2,33982,[76561198081484775],broky,-8.44368,76561198201620490,142.68768,awp
157,71,[],SH1R0,4.011383,76561198081484775,-26.780884,6,9,0,0,34196,[],frozen,9.548157,76561198068422762,-116.91067,hegrenade
158,99,[],ropz,6.8925476,76561197991272318,-175.78949,1,2,98,0,39016,[],chopper,8.858414,76561198045898864,-90.66467,hegrenade
159,99,[],SH1R0,8.492432,76561198081484775,-80.11574,1,110,0,2,41263,[],karrigan,-3.4057617,76561197989430253,120.64053,awp
160,98,[],SH1R0,5.8255005,76561198081484775,-102.90962,0,1,99,0,41480,[],SH1R0,5.8255005,76561198081484775,-102.90962,hegrenade
161,0,[76561198201620490],donk,-1.4299316,76561198386265483,-99.73423,0,34,66,2,41582,[76561198386265483],broky,2.5498657,76561198201620490,79.234436,ak47
162,0,[76561198201620490],donk,0.4950714,76561198386265483,-99.37683,0,137,0,1,41595,[76561198386265483],broky,2.2988892,76561198201620490,81.19891,ak47
163,97,"[76561198068422762, 76561197997351207]",donk,9.15744,76561198386265483,-100.88917,3,26,73,2,41620,[76561198386265483],frozen,1.3200684,76561198068422762,81.03757,ak47
164,96,[76561198386265483],frozen,1.4962006,76561198068422762,81.345856,4,28,72,3,41623,"[76561198068422762, 76561197997351207]",donk,9.844788,76561198386265483,-100.42156,galilar
165,82,"[76561198068422762, 76561197997351207]",donk,10.009918,76561198386265483,-99.6793,15,107,0,1,41627,[76561198386265483],frozen,1.4519043,76561198068422762,80.77356,ak47
166,96,[76561197997351207],donk,10.807465,76561198386265483,-88.89931,4,33,66,3,41671,[],rain,0.7920532,76561197997351207,89.11319,ak47
167,93,[76561197997351207],donk,10.725067,76561198386265483,-90.08171,3,26,39,2,41684,[],rain,1.5442657,76561197997351207,89.62784,ak47
168,90,[76561197997351207],donk,10.642319,76561198386265483,-91.098976,3,26,12,5,41691,[],rain,1.9006348,76561197997351207,89.62784,ak47
169,87,[76561197997351207],donk,10.257446,76561198386265483,-93.27152,3,26,0,2,41703,[],rain,1.3066864,76561197997351207,88.994415,ak47
170,85,[],donk,-2.062683,76561198386265483,-94.28879,15,106,0,1,41889,[],ropz,2.3754578,76561197991272318,87.247925,ak47
171,99,[],ropz,9.423523,76561197991272318,150.52676,1,1,98,0,47006,[],ropz,9.423523,76561197991272318,150.52676,hegrenade
172,97,[],ropz,1.5576477,76561197991272318,70.62218,3,26,74,2,47135,[],magixx,-2.4118347,76561199063238565,-99.13994,ak47
173,97,[],ropz,2.1028442,76561197991272318,70.85564,0,25,48,7,47141,[],magixx,-2.823822,76561199063238565,-94.286385,ak47
174,97,[],ropz,3.309967,76561197991272318,70.54425,0,25,22,7,47148,[],magixx,-2.2944336,76561199063238565,-95.28648,ak47
175,97,[],ropz,9.034195,76561197991272318,69.45386,0,25,0,7,47173,[],magixx,8.147736,76561199063238565,-59.166183,ak47
176,96,[76561197997351207],donk,-7.7000427,76561198386265483,-155.06378,4,34,65,3,47378,[76561198386265483],rain,11.127441,76561197997351207,24.401672,ak47
177,93,[76561197997351207],donk,-10.037384,76561198386265483,-153.44124,3,27,38,2,47385,[76561198386265483],rain,11.602936,76561197997351207,26.896591,ak47
178,90,[76561197997351207],donk,-10.037384,76561198386265483,-153.35884,3,27,11,2,47391,[76561198386265483],rain,11.642426,76561197997351207,27.13417,ak47
179,87,[76561197997351207],donk,-8.745117,76561198386265483,-152.9187,3,27,0,5,47397,[76561198386265483],rain,12.7908325,76561197997351207,26.381607,ak47
180,100,[],frozen,3.376236,76561198068422762,9.271423,0,1,99,0,47906,[],zont1x,-7.9232025,76561198995880877,-138.23273,hegrenade
181,98,[],ropz,-21.222153,76561197991272318,35.652344,0,0,100,0,48430,[],SH1R0,2.9436493,76561198081484775,-44.503204,smokegrenade
182,98,[],ropz,-21.222153,76561197991272318,35.652344,0,1,99,0,48430,[],SH1R0,2.9436493,76561198081484775,-44.503204,smokegrenade
183,95,[76561197989430253],zont1x,6.1444397,76561198995880877,-140.3349,5,25,74,2,48601,[],karrigan,3.6828308,76561197989430253,34.98047,m4a1
184,90,[76561197989430253],zont1x,10.441132,76561198995880877,-139.80344,5,25,49,5,48608,[],karrigan,4.871063,76561197989430253,36.80179,m4a1
185,95,[],karrigan,4.276764,76561197989430253,36.207855,5,34,64,3,48609,[76561197989430253],zont1x,10.741547,76561198995880877,-140.17319,ak47
186,85,[76561197989430253],zont1x,11.596069,76561198995880877,-140.95837,5,25,23,2,48614,[76561198995880877],karrigan,3.7621307,76561197989430253,35.297012,m4a1
187,80,[76561197989430253],zont1x,12.219879,76561198995880877,-142.11331,5,25,0,2,48620,[76561198995880877],karrigan,1.9404602,76561197989430253,40.524445,m4a1
188,93,[],frozen,-2.4320984,76561198068422762,52.207718,3,26,74,2,48972,[],donk,3.904953,76561198386265483,-128.6159,ak47
189,92,[],broky,3.7130432,76561198201620490,37.99176,1,111,0,2,49201,[],donk,0.4950714,76561198386265483,-163.3739,awp
190,97,[],zont1x,0.23071289,76561198995880877,-65.97256,3,26,73,2,50721,[],broky,2.6703644,76561198201620490,69.35498,ak47
191,94,[76561197991272318],zont1x,0.41577148,76561198995880877,-66.45767,3,26,46,2,50727,"[76561198045898864, 76561198995880877]",broky,2.6703644,76561198201620490,69.35498,ak47
192,94,[76561197991272318],zont1x,2.2405243,76561198995880877,-65.99556,5,36,63,1,50740,[76561197991272318],chopper,1.0780334,76561198045898864,-66.00483,ak47
193,91,"[76561198045898864, 76561198995880877]",ropz,2.8035736,76561197991272318,116.60855,3,26,36,2,50744,[76561197991272318],chopper,1.5707092,76561198045898864,-66.18954,ak47
194,86,"[76561198045898864, 76561198995880877]",ropz,2.8035736,76561197991272318,116.60855,9,63,1,1,50744,[76561197991272318],zont1x,2.1251678,76561198995880877,-65.85686,ak47
195,88,"[76561198045898864, 76561198995880877]",ropz,3.2320404,76561197991272318,116.10214,3,26,9,2,50750,[76561197991272318],chopper,3.6035156,76561198045898864,-66.28189,ak47
196,85,"[76561198045898864, 76561198995880877]",ropz,3.2320404,76561197991272318,116.10214,1,11,0,5,50750,[76561197991272318],zont1x,1.5937042,76561198995880877,-65.85686,ak47
197,85,[76561198045898864],ropz,6.3082123,76561197991272318,116.21887,3,26,0,2,50763,[76561197991272318],chopper,0.8315277,76561198045898864,-65.727425,ak47
198,99,[],SH1R0,-4.1205597,76561198081484775,154.47601,1,138,0,3,51308,[],frozen,5.1361084,76561198068422762,-23.0318,awp
199,6,,,,,,92,92,6,0,52133,[],SH1R0,-11.822998,76561198081484775,-68.61992,
200,32,,,,,,67,67,30,0,52133,[],ropz,9.540253,76561197991272318,-100.21042,
201,97,[],ropz,3.6213684,76561197991272318,98.58136,3,5,95,0,57006,[],zont1x,2.3332214,76561198995880877,-77.89307,hegrenade
202,98,[],donk,-6.462372,76561198386265483,-134.02805,2,4,96,0,57155,[],rain,-3.3264465,76561197997351207,168.39398,hegrenade
203,99,[],donk,-6.462372,76561198386265483,-134.02805,1,2,97,0,57155,[],karrigan,-7.9595947,76561197989430253,-162.06378,hegrenade
204,32,[],zont1x,1.1319275,76561198995880877,-82.74353,0,23,77,6,57204,[],ropz,2.4533844,76561197991272318,98.230835,m4a1
205,90,[],magixx,5.964203,76561199063238565,167.64587,10,16,84,0,57286,[],frozen,-26.180084,76561198068422762,-132.00381,hegrenade
206,89,[],SH1R0,1.3952637,76561198081484775,-33.748627,1,110,0,5,60782,[],frozen,-2.59552,76561198068422762,144.95499,awp
207,32,[],magixx,3.5523682,76561199063238565,-41.547882,0,1,75,0,60931,[],ropz,-0.7789917,76561197991272318,18.988495,inferno
208,97,[],karrigan,0.15861511,76561197989430253,164.48114,3,27,73,2,60959,[],chopper,2.2175293,76561198045898864,-15.435791,ak47
209,97,[],karrigan,1.6239166,76561197989430253,165.78815,0,142,0,1,60966,[],chopper,2.0019226,76561198045898864,-17.4068,ak47
210,94,[],magixx,2.9642487,76561199063238565,-13.810501,5,23,73,5,60995,[],karrigan,5.9799957,76561197989430253,165.55057,m4a1
211,89,[],magixx,3.8170624,76561199063238565,-15.222244,5,23,49,2,61008,[],karrigan,8.11821,76561197989430253,166.14453,m4a1
212,84,[],magixx,5.023163,76561199063238565,-15.487289,5,23,25,5,61015,[],karrigan,8.514404,76561197989430253,166.61969,m4a1
213,96,[],karrigan,8.989563,76561197989430253,167.01553,4,33,66,3,61017,[],magixx,5.434799,76561199063238565,-15.575531,ak47
214,67,[],magixx,6.37619,76561199063238565,-15.840225,17,83,0,1,61021,[],karrigan,9.187317,76561197989430253,167.64896,m4a1
215,97,[],rain,-0.59394836,76561197997351207,98.42136,3,26,74,5,61120,[],donk,0.6324005,76561198386265483,-82.14203,ak47
216,95,[],donk,0.6324005,76561198386265483,-82.11456,3,26,70,2,61121,[],rain,-0.43566895,76561197997351207,98.57965,ak47
217,80,[],donk,0.65986633,76561198386265483,-82.0047,15,104,0,1,61132,[],rain,0.039489746,76561197997351207,97.03537,ak47
218,32,[76561197991272318],zont1x,4.366028,76561198995880877,-124.62273,0,27,48,6,61734,[76561198995880877],ropz,-0.6231384,76561197991272318,67.585144,m4a1
219,94,[76561198995880877],ropz,0.077941895,76561197991272318,60.42,3,27,68,5,61740,[76561197991272318],zont1x,0.41577148,76561198995880877,-123.49079,ak47
220,90,[76561198995880877],ropz,0.93452454,76561197991272318,59.057007,4,34,33,3,61746,[76561197991272318],zont1x,3.1417542,76561198995880877,-118.22422,ak47
221,86,[76561198995880877],ropz,1.5185242,76561197991272318,59.602203,4,34,0,3,61753,[76561197991272318],zont1x,5.4746246,76561198995880877,-119.97963,ak47
222,93,[],ropz,11.721039,76561197991272318,65.326416,3,26,39,2,61785,[76561197991272318],magixx,-1.3598938,76561199063238565,-111.19984,ak47
223,15,[76561197991272318],magixx,-1.4186096,76561199063238565,-111.55277,17,82,0,1,61786,[],ropz,11.759827,76561197991272318,65.28763,m4a1
224,93,[],SH1R0,7.0724487,76561198081484775,-23.772003,1,109,0,2,62364,[76561198081484775],broky,-5.239441,76561198201620490,158.91208,awp
225,88,[],SH1R0,3.0967712,76561198081484775,-116.37646,12,18,82,0,69025,[],rain,1.979599,76561197997351207,60.682983,hegrenade
226,100,[76561197989430253],donk,20.075104,76561198386265483,-43.799408,0,143,0,1,69057,[76561198386265483],karrigan,-12.711517,76561197989430253,126.85913,ak47
227,100,[76561197989430253],donk,16.830017,76561198386265483,-60.711823,0,26,74,6,69082,[],ropz,-3.4266968,76561197991272318,117.42703,ak47
228,96,[76561198386265483],ropz,-5.023163,76561197991272318,120.62027,1,42,58,2,69090,[],donk,14.272614,76561198386265483,-62.74704,deagle
229,97,[],donk,15.839874,76561198386265483,-60.43682,3,27,46,2,69101,[76561198386265483],ropz,-5.256958,76561197991272318,120.81494,ak47
230,95,[76561198386265483],ropz,-5.8021545,76561197991272318,121.515656,1,42,16,2,69111,[],donk,17.764893,76561198386265483,-59.364624,deagle
231,93,[76561197991272318],donk,19.552582,76561198386265483,-56.972008,4,34,12,3,69121,[76561198386265483],ropz,-5.256958,76561197991272318,121.98328,ak47
232,89,[76561197991272318],donk,19.964905,76561198386265483,-55.597,4,34,0,3,69127,[76561198386265483],ropz,-4.86763,76561197991272318,121.98328,ak47
233,92,[],frozen,-2.9920654,76561198068422762,107.96231,3,22,0,5,69185,[],donk,12.429993,76561198386265483,-75.121765,galilar
234,96,[],magixx,5.9123535,76561199063238565,-77.1072,4,23,77,2,69187,[76561199063238565],frozen,-3.0360107,76561198068422762,108.842224,m4a1
235,90,[],magixx,6.1180115,76561199063238565,-76.69521,6,29,48,3,69194,[76561199063238565],frozen,-3.5200806,76561198068422762,105.2782,m4a1
236,86,[],magixx,6.7947083,76561199063238565,-76.87168,4,23,25,5,69200,[76561199063238565],frozen,-1.848114,76561198068422762,104.31036,m4a1
237,82,[],magixx,8.353729,76561199063238565,-77.48966,4,23,1,2,69207,[76561199063238565],frozen,1.1878967,76561198068422762,105.89447,m4a1
238,76,[],magixx,9.559479,76561199063238565,-77.78355,6,29,0,3,69213,[76561199063238565],frozen,1.1439514,76561198068422762,103.12213,m4a1
239,5,[],rain,3.7617798,76561197997351207,0.4116516,1,10,90,3,69240,[],SH1R0,0.9400177,76561198081484775,-175.2261,galilar
240,1,[],rain,4.395218,76561197997351207,1.1243896,4,28,61,3,69246,[],SH1R0,1.2249756,76561198081484775,-176.06998,galilar
241,87,[],SH1R0,1.611206,76561198081484775,-176.94443,1,110,0,2,69247,[],rain,4.5140076,76561197997351207,1.2033386,awp
242,0,[],magixx,1.0588074,76561199063238565,152.76556,0,34,66,2,69364,[],broky,0.9613037,76561198201620490,8.44574,m4a1
243,0,[],magixx,1.0588074,76561199063238565,152.73605,0,34,31,2,69370,[],broky,0.83599854,76561198201620490,-1.9624329,m4a1
244,0,[],magixx,0.8823395,76561199063238565,152.44183,0,34,0,2,69376,[],broky,0.87786865,76561198201620490,-27.752838,m4a1
245,100,[],karrigan,-17.146912,76561197989430253,164.27478,0,0,100,0,74157,[],rain,12.157059,76561197997351207,5.4406433,molotov
246,95,[76561197989430253],magixx,10.853806,76561199063238565,-149.76459,5,24,75,2,79072,[76561199063238565],karrigan,-8.455688,76561197989430253,36.957672,m4a1
247,94,[76561197989430253],magixx,11.736481,76561199063238565,-148.49979,1,7,68,3,79078,[76561199063238565],karrigan,-8.099335,76561197989430253,35.017212,m4a1
248,88,[],magixx,13.442459,76561199063238565,-141.82285,6,31,36,3,79104,[],karrigan,-4.297714,76561197989430253,39.80896,m4a1
249,100,[76561197997351207],zont1x,6.1444397,76561198995880877,-109.775734,0,25,74,7,79366,[76561198995880877],rain,0.07896423,76561197997351207,69.23584,m4a1
250,97,[76561198995880877],rain,0.039489746,76561197997351207,69.23584,3,27,73,2,79368,[76561197997351207],zont1x,6.236801,76561198995880877,-109.70638,ak47
251,95,[76561197997351207],zont1x,6.81427,76561198995880877,-109.75239,5,24,50,2,79372,[76561198995880877],rain,0.23757935,76561197997351207,69.86961,m4a1
252,94,[76561198995880877],rain,0.4751587,76561197997351207,69.75049,3,27,46,2,79374,[76561197997351207],zont1x,7.230377,76561198995880877,-110.168495,ak47
253,90,[76561197997351207],zont1x,7.5997925,76561198995880877,-110.699615,5,24,26,2,79379,[76561198995880877],rain,1.2273865,76561197997351207,69.79031,m4a1
254,79,[76561198995880877],rain,1.3461609,76561197997351207,69.75049,15,108,0,1,79380,[76561197997351207],zont1x,7.6461487,76561198995880877,-110.79197,ak47
255,100,[76561197997351207],zont1x,7.091675,76561198995880877,-110.699615,0,8,92,0,79710,[],broky,0.7525635,76561198201620490,100.84488,inferno
256,100,[76561197997351207],zont1x,7.091675,76561198995880877,-110.699615,0,8,84,0,79723,[],broky,0.7106781,76561198201620490,100.92865,inferno
257,90,[76561197997351207],zont1x,7.091675,76561198995880877,-110.699615,0,8,18,0,79723,[],rain,-0.51498413,76561197997351207,73.314514,inferno
258,68,[],donk,11.0824585,76561198386265483,-30.87674,32,48,52,0,79828,[],chopper,8.53157,76561198045898864,-51.975983,hegrenade
259,96,[],chopper,8.470123,76561198045898864,-52.283936,4,21,62,3,79834,[],broky,-2.967682,76561198201620490,127.513855,m4a1
260,87,[],chopper,8.93222,76561198045898864,-55.08648,3,17,0,2,79840,[],rain,-0.6732483,76561197997351207,125.5466,m4a1
261,94,[],chopper,8.93222,76561198045898864,-55.08648,2,10,52,2,79840,[],broky,2.800476,76561198201620490,128.93488,m4a1
262,56,[],broky,1.2122803,76561198201620490,127.89014,12,86,0,1,79844,[],chopper,11.026489,76561198045898864,-55.08648,ak47
263,88,[76561198201620490],magixx,9.32431,76561199063238565,-58.07888,6,30,21,3,79875,[76561199063238565],broky,5.9356995,76561198201620490,126.343445,m4a1
264,82,[76561198201620490],magixx,9.294769,76561199063238565,-57.579002,6,30,0,3,79881,[76561199063238565],broky,-3.7621307,76561198201620490,130.5653,m4a1
265,85,[76561197989430253],donk,-4.1524963,76561198386265483,-79.05659,3,27,9,2,79971,[76561198386265483],karrigan,0.21664429,76561197989430253,88.75372,ak47
266,82,[76561197989430253],donk,-3.8774872,76561198386265483,-79.661865,3,27,0,2,79978,[76561198386265483],karrigan,0.45422363,76561197989430253,90.654724,ak47
267,85,"[76561197991272318, 76561198068422762]",donk,3.7947388,76561198386265483,-36.129227,15,107,0,1,80046,[76561198386265483],frozen,-2.8155823,76561198068422762,145.05731,ak47
268,85,[76561198386265483],ropz,-2.1416473,76561197991272318,133.82379,15,107,0,1,80057,"[76561197991272318, 76561198068422762]",donk,5.169754,76561198386265483,-34.121826,ak47
269,82,[76561197991272318],magixx,-3.7648773,76561199063238565,-143.93842,18,87,13,1,80567,[76561199063238565],ropz,0.54519653,76561197991272318,40.094604,m4a1
270,77,[76561197991272318],magixx,-4.265106,76561199063238565,-145.8799,5,25,0,2,80574,[76561199063238565],ropz,3.6605072,76561197991272318,33.94226,m4a1
271,100,[],magixx,8.029968,76561199063238565,165.67487,0,5,94,0,86066,[],rain,14.929047,76561197997351207,171.87802,inferno
272,100,[],magixx,8.029968,76561199063238565,165.64569,0,6,88,0,86079,[],rain,6.4548035,76561197997351207,172.31335,inferno
273,94,[],zont1x,2.5872803,76561198995880877,-83.95134,6,30,69,3,86146,[],karrigan,6.415329,76561197989430253,155.76141,m4a1
274,91,[],zont1x,2.8873444,76561198995880877,-84.48246,3,5,64,0,86150,[],karrigan,5.425186,76561197989430253,144.1983,hegrenade
275,95,[],karrigan,4.07901,76561197989430253,89.51044,5,98,2,1,86252,[],zont1x,8.939438,76561198995880877,-92.49836,tec9
276,94,[],karrigan,5.108307,76561197989430253,91.76776,1,24,0,2,86262,[],zont1x,8.685379,76561198995880877,-92.729416,tec9
277,96,[],chopper,2.6487427,76561198045898864,10.8229065,4,21,66,2,86423,[],rain,-1.5840912,76561197997351207,-168.5598,m4a1
278,92,[],chopper,2.9875946,76561198045898864,11.284668,4,21,44,2,86429,[],rain,-1.1878967,76561197997351207,-168.48083,m4a1
279,100,[],rain,-0.9503174,76561197997351207,-168.28275,0,18,81,5,86433,[],chopper,3.418808,76561198045898864,11.562073,tec9
280,88,[],chopper,4.004181,76561198045898864,12.085648,4,21,23,2,86435,[],rain,-0.9503174,76561197997351207,-168.08464,m4a1
281,84,[],chopper,5.0204163,76561198045898864,12.239456,4,21,1,2,86440,[76561198045898864],rain,-0.87135315,76561197997351207,-168.44101,m4a1
282,80,[],chopper,6.560547,76561198045898864,11.931488,4,21,0,2,86446,[76561198045898864],rain,-0.87135315,76561197997351207,-168.40152,m4a1
283,96,[],frozen,-1.97995,76561198068422762,-169.00749,4,87,0,1,86527,[],chopper,2.0942688,76561198045898864,5.1247864,tec9
284,98,[],donk,9.734924,76561198386265483,-12.795639,2,3,97,0,86655,[],donk,9.734924,76561198386265483,-12.795639,hegrenade
285,95,[76561198068422762],magixx,7.6478577,76561199063238565,-154.55704,5,24,75,5,86740,[76561199063238565],frozen,-5.587921,76561198068422762,22.780487,m4a1
286,97,[],donk,9.102509,76561198386265483,-34.768295,3,26,73,2,86744,[],ropz,6.8146057,76561197991272318,43.28682,ak47
287,90,[76561198068422762],magixx,9.530304,76561199063238565,-154.43962,5,24,50,2,86746,[76561199063238565],frozen,-5.0598907,76561198068422762,23.880493,m4a1
288,94,[],donk,9.652527,76561198386265483,-33.58589,3,26,46,2,86750,[],ropz,6.6199493,76561197991272318,44.026672,ak47
289,91,[],donk,10.092316,76561198386265483,-33.365814,3,26,20,5,86757,[],ropz,4.127777,76561197991272318,120.42697,ak47
290,88,[],donk,11.027527,76561198386265483,-32.980957,3,26,0,2,86763,[],ropz,2.9206543,76561197991272318,139.58542,ak47
291,85,[76561198068422762],magixx,11.589203,76561199063238565,-157.2044,5,24,25,2,86772,[76561199063238565],frozen,-6.467865,76561198068422762,25.376358,m4a1
292,80,[76561198068422762],magixx,12.589294,76561199063238565,-157.58685,5,24,0,2,86778,[76561199063238565],frozen,-6.159897,76561198068422762,24.672546,m4a1
293,100,[],donk,18.28743,76561198386265483,-33.25595,0,8,91,7,86789,[],broky,-7.6911163,76561198201620490,148.95538,ak47
294,81,[],karrigan,4.989502,76561197989430253,105.667175,19,90,9,1,86790,[76561198068422762],magixx,10.589111,76561199063238565,-104.406166,m4a1
295,100,[],donk,19.937439,76561198386265483,-32.238342,0,25,65,6,86795,[],broky,-7.482025,76561198201620490,147.65967,ak47
296,76,[],karrigan,2.0592499,76561197989430253,107.52835,5,25,0,2,86803,[],magixx,8.9713745,76561199063238565,-134.08505,m4a1
297,97,[],donk,18.42511,76561198386265483,-30.230942,3,26,39,5,86821,[],broky,-7.147644,76561198201620490,146.28021,ak47
298,93,[],donk,18.589905,76561198386265483,-30.010864,4,33,5,3,86827,[],broky,-6.938904,76561198201620490,145.9458,ak47
299,89,[],donk,18.782501,76561198386265483,-30.230942,4,33,0,3,86834,[],broky,-6.7298126,76561198201620490,145.40268,ak47
300,82,[],karrigan,-3.405426,76561197989430253,-115.45704,18,84,16,1,87628,[76561197989430253],SH1R0,3.4431763,76561198081484775,20.518341,m4a1
301,87,[],donk,4.290161,76561198386265483,49.739563,4,33,31,3,87655,[],karrigan,-2.3363037,76561197989430253,-115.14015,ak47
302,84,[76561197989430253],donk,6.984894,76561198386265483,51.11458,3,26,4,2,87704,[76561198386265483],karrigan,-2.6531982,76561197989430253,-130.4654,ak47
303,81,[76561197989430253],donk,8.195114,76561198386265483,50.701904,3,26,0,2,87710,[76561198386265483],karrigan,-2.0592499,76561197989430253,-129.71317,ak47
304,100,[],frozen,-1.7598724,76561198068422762,45.40616,0,1,99,0,91888,[],zont1x,13.397827,76561198995880877,-56.86386,hegrenade
305,100,[],frozen,-1.7598724,76561198068422762,45.40616,0,0,100,0,91888,[],magixx,2.5883179,76561199063238565,-163.9349,hegrenade
306,94,[],donk,-0.87994385,76561198386265483,-58.109093,6,10,90,0,92092,[],chopper,3.8809204,76561198045898864,-13.557129,hegrenade
307,82,[],rain,0.51464844,76561197997351207,93.82599,0,1,98,0,93167,[],SH1R0,3.0850983,76561198081484775,-51.931686,inferno
308,82,[],rain,0.51464844,76561197997351207,93.58841,0,2,96,0,93180,[],SH1R0,3.4363098,76561198081484775,-50.595474,inferno
309,82,[],rain,6.7318726,76561197997351207,171.87769,0,3,92,0,93193,[],SH1R0,5.609558,76561198081484775,-12.616425,inferno
310,82,[],rain,5.5834656,76561197997351207,-126.66309,0,4,88,0,93205,[],SH1R0,6.0445404,76561198081484775,-8.612244,inferno
311,82,[],rain,5.5834656,76561197997351207,-126.66309,0,4,83,0,93218,[],SH1R0,5.5408936,76561198081484775,-11.655457,inferno
312,82,[],rain,5.3853607,76561197997351207,-124.009895,0,5,78,0,93231,[],SH1R0,5.7891083,76561198081484775,-14.74881,inferno
313,82,[],rain,6.217224,76561197997351207,-109.79359,0,6,71,0,93244,[],SH1R0,6.2265015,76561198081484775,-18.856995,inferno
314,99,[],SH1R0,5.5350494,76561198081484775,-28.76152,1,110,0,2,93298,[],karrigan,-5.1289062,76561197989430253,152.0398,awp
315,82,[],rain,17.66156,76561197997351207,11.857681,0,0,71,0,93874,[],SH1R0,1.0591431,76561198081484775,-136.96106,smokegrenade
316,82,[],rain,17.66156,76561197997351207,11.857681,0,1,70,0,93874,[],SH1R0,1.0591431,76561198081484775,-136.96106,smokegrenade
317,95,[],magixx,1.6472626,76561199063238565,7.552063,5,24,76,2,94028,[],broky,12.038605,76561198201620490,14.9019165,m4a1
318,90,[],magixx,1.6472626,76561199063238565,8.993347,5,24,52,2,94034,[],broky,12.414886,76561198201620490,11.348877,m4a1
319,85,[],magixx,2.70607,76561199063238565,9.816971,5,24,27,2,94047,[76561199063238565],broky,12.958038,76561198201620490,8.4227295,m4a1
320,80,[],magixx,3.9413452,76561199063238565,9.963913,5,24,3,2,94053,[76561199063238565],broky,13.041809,76561198201620490,8.088348,m4a1
321,96,[],ropz,29.789093,76561197991272318,-10.80127,4,27,71,2,94068,[],zont1x,-11.041946,76561198995880877,-161.92029,ak47
322,92,[],ropz,31.891937,76561197991272318,-2.8966064,4,27,44,2,94074,[],zont1x,-10.741547,76561198995880877,-161.25012,ak47
323,88,[],ropz,31.34674,76561197991272318,-0.4432373,4,27,16,5,94081,[],zont1x,-9.240189,76561198995880877,-169.35837,ak47
324,74,[],magixx,9.5890045,76561199063238565,11.582001,6,30,0,3,94085,[76561199063238565],broky,13.292419,76561198201620490,7.461426,m4a1
325,84,[],ropz,30.061676,76561197991272318,-2.4293518,4,27,0,5,94087,[],zont1x,-8.98613,76561198995880877,-176.91216,ak47
326,97,[76561199063238565],frozen,-1.8917084,76561198068422762,-174.28024,3,26,73,2,94155,[76561198068422762],magixx,3.353241,76561199063238565,6.14032,ak47
327,85,[],ropz,-24.804718,76561197991272318,-111.34369,12,18,54,0,94662,[],magixx,6.8242188,76561199063238565,163.06424,hegrenade
328,90,[76561198045898864],frozen,-20.767944,76561198068422762,123.10901,4,33,56,3,94752,[76561198068422762],chopper,32.18582,76561198045898864,-38.62964,ak47
329,90,[76561198045898864],frozen,-21.38385,76561198068422762,121.657104,0,26,29,6,94759,[76561198068422762],chopper,33.571808,76561198045898864,-94.34681,ak47
330,86,[76561198386265483],frozen,-22.967957,76561198068422762,123.02112,4,34,0,3,94765,"[76561197991272318, 76561198068422762]",chopper,33.140594,76561198045898864,-99.18251,ak47
331,97,[76561198068422762],donk,20.239899,76561198386265483,-59.89437,3,27,73,2,94787,[76561198386265483],frozen,-15.619812,76561198068422762,122.44916,ak47
332,82,[76561198068422762],donk,22.98993,76561198386265483,-57.74929,15,108,0,1,94806,[76561198386265483],frozen,-12.055786,76561198068422762,123.637054,ak47
333,82,[],ropz,-5.295746,76561197991272318,-120.455475,3,26,28,2,94943,[],magixx,6.971161,76561199063238565,53.08525,ak47
334,95,[76561198386265483],rain,-6.930313,76561197997351207,138.18121,3,26,73,2,95039,[76561197997351207],donk,13.914871,76561198386265483,-42.10202,ak47
335,92,[76561198386265483],rain,-5.069153,76561197997351207,138.61658,3,26,47,2,95046,[76561197997351207],donk,16.169815,76561198386265483,-41.82701,ak47
336,85,[76561197997351207],donk,18.562439,76561198386265483,-41.854477,15,107,0,1,95055,[76561198386265483],rain,-3.485077,76561197997351207,138.33951,ak47
337,89,[],ropz,-24.99939,76561197991272318,109.8736,3,27,19,5,95158,[],donk,36.850204,76561198386265483,-44.3295,ak47
338,75,[],SH1R0,11.817169,76561198081484775,81.85535,25,90,9,1,95161,"[76561198081484775, 76561198386265483]",ropz,-24.376251,76561197991272318,108.043335,p250
339,69,[],SH1R0,12.709473,76561198081484775,85.31021,6,22,0,2,95171,"[76561198081484775, 76561198386265483]",ropz,-21.884079,76561197991272318,103.76004,p250
340,93,[76561198081484775],frozen,-5.236023,76561198068422762,-156.51776,7,15,84,2,113000,"[76561198068422762, 76561198201620490]",SH1R0,0.75497437,76561198081484775,66.5078,hkp2000
341,100,[76561198068422762],SH1R0,7.45903,76561198081484775,12.671356,0,134,0,1,113080,[76561198081484775],frozen,-5.895874,76561198068422762,-164.83371,p250
342,93,[],broky,0.12530518,76561198201620490,-104.27193,0,116,0,1,113123,[],SH1R0,5.994751,76561198081484775,14.478943,hkp2000
343,94,[],broky,-1.4213562,76561198201620490,-121.51737,6,13,87,2,113648,[],zont1x,1.894104,76561198995880877,58.94818,hkp2000
344,95,[],zont1x,2.1715088,76561198995880877,59.24858,5,8,91,2,113652,[],broky,-1.881073,76561198201620490,-121.726456,glock
345,0,[76561198045898864],ropz,-7.0092773,76561197991272318,-166.34537,0,31,69,2,113710,[76561197991272318],chopper,8.1501465,76561198045898864,16.358307,hkp2000
346,94,[76561197991272318],chopper,8.550446,76561198045898864,21.779358,6,11,88,2,113745,[76561198045898864],ropz,-6.424942,76561197991272318,-159.21936,glock
347,88,[],chopper,6.487091,76561198045898864,26.060257,6,11,76,2,113767,[],ropz,-5.1010895,76561197991272318,-154.42966,glock
348,0,[],ropz,-4.3612366,76561197991272318,-153.06668,0,31,37,2,113774,[],chopper,7.164459,76561198045898864,25.444336,hkp2000
349,81,[76561197991272318],magixx,15.736542,76561199063238565,-0.7680054,7,13,63,2,113786,"[76561199063238565, 76561198045898864]",ropz,-4.906433,76561197991272318,-152.87201,glock
350,81,[76561197991272318],chopper,6.548538,76561198045898864,24.643707,0,99,0,1,113792,"[76561199063238565, 76561198045898864]",ropz,-4.6338196,76561197991272318,-154.04034,glock
351,0,[],broky,10.199097,76561198201620490,23.547134,0,33,66,2,115095,[],magixx,-3.6179352,76561199063238565,-143.83713,hkp2000
352,0,[],broky,7.35672,76561198201620490,26.891098,0,33,33,2,115105,[],magixx,-5.6768494,76561199063238565,-147.39636,hkp2000
353,0,[76561199063238565],broky,5.0159454,76561198201620490,23.672455,0,33,0,2,115117,[76561198201620490],magixx,-4.1768646,76561199063238565,-152.66121,hkp2000
354,0,[],karrigan,-1.7423706,76561197989430253,-129.96518,0,107,0,1,115158,[],chopper,2.8832245,76561198045898864,56.19232,hkp2000
355,100,[76561198386265483],broky,10.95166,76561198201620490,-1.8673401,0,133,0,1,115172,[76561198201620490],donk,-9.212723,76561198386265483,-179.07303,hkp2000
356,0,[],zont1x,0.8085327,76561198995880877,46.035797,0,22,77,2,115336,[76561198995880877],karrigan,-0.039489746,76561197989430253,-133.88522,glock
357,0,[],zont1x,0.36975098,76561198995880877,46.1745,0,22,54,2,115352,[76561198995880877],karrigan,0.039489746,76561197989430253,-134.83554,glock
358,0,[],zont1x,1.201294,76561198995880877,46.151505,0,22,31,2,115366,[76561198995880877],karrigan,0.8315277,76561197989430253,-133.41006,glock
359,0,[],zont1x,0.78552246,76561198995880877,45.643036,0,92,0,1,115397,[76561198995880877],karrigan,0.59394836,76561197989430253,-133.88522,glock
360,95,[76561198201620490],zont1x,3.3264465,76561198995880877,-64.10488,0,73,17,1,115658,[76561198995880877],broky,-3.4696198,76561198201620490,115.651,glock
361,100,"[76561198201620490, 76561197997351207]",zont1x,3.9039307,76561198995880877,-64.03587,0,72,27,1,115674,[76561198995880877],rain,-3.2471466,76561197997351207,115.43439,glock
362,96,[76561197997351207],zont1x,3.6958618,76561198995880877,-63.78147,4,8,19,2,115701,[76561198995880877],rain,-2.692688,76561197997351207,115.55316,glock
363,96,[76561197997351207],zont1x,3.6958618,76561198995880877,-63.943176,0,72,0,1,115713,[76561198995880877],rain,-2.8907776,76561197997351207,115.63248,glock
364,94,[],broky,3.8877869,76561198201620490,-163.39658,0,126,0,1,118325,[76561198201620490],zont1x,2.078827,76561198995880877,130.07709,hkp2000
365,0,[],frozen,2.5519104,76561198068422762,-82.255325,0,1,98,0,122321,[],chopper,6.59111,76561198045898864,-44.250183,hegrenade
366,0,[],rain,3.8012695,76561197997351207,-7.7645874,0,21,79,3,122793,[],magixx,0.3821106,76561199063238565,174.21536,mp9
367,0,[],rain,3.9598846,76561197997351207,-7.7645874,0,21,57,3,122798,[],magixx,0.32341003,76561199063238565,174.06842,mp9
368,0,[],rain,4.395569,76561197997351207,-7.8439026,0,21,35,3,122802,[],magixx,-1.882782,76561199063238565,171.59787,mp9
369,99,[76561197997351207],zont1x,0.5774689,76561198995880877,177.13324,1,32,68,2,122941,[76561198995880877],rain,0.9503174,76561197997351207,-2.7750854,deagle
370,0,[76561198995880877],rain,1.5442657,76561197997351207,-2.2999268,0,18,82,2,122945,[76561197997351207],zont1x,0.5774689,76561198995880877,177.13324,mp9
371,0,[76561198995880877],rain,2.4551086,76561197997351207,-4.4779663,0,13,68,6,122964,[76561197997351207],zont1x,0.46211243,76561198995880877,176.16302,mp9
372,0,[76561198995880877],rain,2.5344086,76561197997351207,-4.3591614,0,22,46,3,122968,[76561197997351207],zont1x,0.23104858,76561198995880877,175.5162,mp9
373,0,[76561198995880877],rain,2.9697418,76561197997351207,-4.0817566,0,18,28,2,122972,[76561197997351207],zont1x,0.20770264,76561198995880877,175.53955,mp9
374,0,[76561198995880877],rain,3.6035156,76561197997351207,-3.8047028,0,18,10,2,122977,[76561197997351207],zont1x,0.20770264,76561198995880877,175.53955,mp9
375,0,[76561198995880877],rain,3.9204102,76561197997351207,-3.606598,0,72,0,1,122981,[76561197997351207],zont1x,0.25405884,76561198995880877,175.8396,mp9
376,0,[76561198386265483],ropz,-0.15586853,76561197991272318,-9.321899,0,18,81,2,123026,[],donk,0.852478,76561198386265483,171.0585,mp9
377,0,[76561198386265483],ropz,-0.54519653,76561197991272318,-9.2439575,0,23,57,3,123038,"[76561197991272318, 76561197997351207]",donk,2.475006,76561198386265483,169.16132,mp9
378,0,[76561198386265483],ropz,-0.50605774,76561197991272318,-9.555359,0,18,38,2,123042,"[76561197991272318, 76561197997351207]",donk,15.345154,76561198386265483,150.95627,mp9
379,0,[76561198386265483],ropz,1.0124512,76561197991272318,-10.4122925,0,18,19,2,123054,"[76561197991272318, 76561197997351207]",donk,32.835052,76561198386265483,122.35611,mp9
380,0,[76561198081484775],ropz,-0.778656,76561197991272318,-12.67067,0,21,79,2,123106,[76561197991272318],SH1R0,2.4938965,76561198081484775,170.07352,mp9
381,0,[76561198081484775],ropz,-0.23345947,76561197991272318,-12.748596,0,21,57,2,123110,[76561197991272318],SH1R0,2.2422485,76561198081484775,168.63223,mp9
382,0,[76561198081484775],ropz,5.1010895,76561197991272318,-14.033661,0,26,30,3,123128,[76561197991272318],SH1R0,3.6835022,76561198081484775,166.39001,mp9
383,95,[76561197989430253],chopper,3.4802551,76561198045898864,92.532684,5,10,90,5,123139,[76561198045898864],karrigan,-1.4646149,76561197989430253,-90.00996,glock
384,94,[],SH1R0,2.7455444,76561198081484775,166.91595,6,11,89,5,123147,[],ropz,7.087219,76561197991272318,-15.279572,glock
385,0,[76561198045898864],karrigan,-2.771637,76561197989430253,-88.663445,0,19,79,2,123151,[76561197989430253],chopper,2.5872803,76561198045898864,91.885864,mp9
386,0,[76561198045898864],karrigan,-1.9401245,76561197989430253,-89.85134,0,24,54,3,123156,[76561197989430253],chopper,2.833435,76561198045898864,90.86929,mp9
387,0,[76561198045898864],karrigan,-1.187561,76561197989430253,-89.415665,0,24,29,3,123165,[76561197989430253],chopper,3.3264465,76561198045898864,92.5018,mp9
388,69,[],SH1R0,2.7225494,76561198081484775,166.59564,25,45,44,1,123166,[],ropz,7.5932617,76561197991272318,-14.461792,glock
389,0,[76561198045898864],karrigan,-0.1977539,76561197989430253,-89.01981,0,24,5,3,123169,[76561197989430253],chopper,3.6958618,76561198045898864,91.824066,mp9
390,0,[76561198045898864],karrigan,0.71307373,76561197989430253,-89.01981,0,24,0,3,123174,[76561197989430253],chopper,3.5420532,76561198045898864,91.177246,mp9
391,63,"[76561197991272318, 76561197989430253, 76561197997351207]",SH1R0,2.791214,76561198081484775,166.34433,6,11,32,5,123176,[76561198081484775],ropz,7.7879333,76561197991272318,-13.410522,glock
392,0,[],karrigan,0.00033569336,76561197989430253,-97.13768,0,25,5,3,123230,[],SH1R0,2.951538,76561198081484775,85.16635,mp9
393,0,[76561198081484775],karrigan,0.9904785,76561197989430253,-97.771454,0,24,0,3,123235,[76561197989430253],SH1R0,2.7685547,76561198081484775,81.87149,mp9
394,94,"[76561197989430253, 76561197997351207]",magixx,-0.47070312,76561199063238565,114.29935,1,37,53,5,123475,"[76561199063238565, 76561198386265483]",karrigan,0.63412476,76561197989430253,-71.04172,deagle
395,0,[],rain,0.51464844,76561197997351207,-36.949768,0,21,14,2,123478,"[76561197989430253, 76561197997351207]",magixx,-0.00033569336,76561199063238565,114.711,mp9
396,0,"[76561199063238565, 76561198386265483]",karrigan,1.3863373,76561197989430253,-72.15065,0,16,3,3,123482,[76561197989430253],donk,0.05493164,76561198386265483,108.60672,mp9
397,92,"[76561197989430253, 76561197997351207]",magixx,-0.00033569336,76561199063238565,114.122894,2,79,0,1,123495,"[76561199063238565, 76561198386265483]",karrigan,1.6239166,76561197989430253,-73.49682,deagle
398,0,[],rain,4.118164,76561197997351207,-33.544342,0,16,0,7,123496,"[76561197989430253, 76561197997351207]",magixx,-0.00033569336,76561199063238565,114.122894,mp9
399,93,[76561197997351207],donk,-0.1373291,76561198386265483,132.94418,6,11,57,2,123555,[76561198386265483],rain,8.791122,76561197997351207,-48.433914,glock
400,87,"[76561197991272318, 76561197997351207]",donk,-0.30245972,76561198386265483,132.91672,6,11,45,2,123565,[76561198386265483],rain,9.66214,76561197997351207,-48.552704,glock
401,0,[76561198386265483],ropz,0.31140137,76561197991272318,-44.523804,0,86,0,1,123567,"[76561197991272318, 76561197997351207]",donk,-0.24752808,76561198386265483,133.19171,mp9
402,85,[],donk,1.2926025,76561198386265483,106.215485,15,109,0,1,126133,[],frozen,2.4640198,76561198068422762,-71.539536,ak47
403,63,[],chopper,4.1888733,76561198045898864,62.293854,0,1,99,0,130944,[],ropz,3.1932373,76561197991272318,-93.895,inferno
404,63,[],chopper,4.342682,76561198045898864,62.23239,0,2,96,0,130957,[],ropz,3.5434265,76561197991272318,-100.59288,inferno
405,63,[],chopper,4.589203,76561198045898864,62.23239,0,3,93,0,130970,[],ropz,3.9718933,76561197991272318,-106.355896,inferno
406,95,[],ropz,4.088623,76561197991272318,-107.52422,5,24,76,2,131110,[],magixx,-2.67688,76561199063238565,69.53555,m4a1
407,90,[76561199063238565],ropz,3.9331055,76561197991272318,-107.874756,5,24,51,5,131116,[76561197991272318],magixx,-3.1767578,76561199063238565,71.47705,m4a1
408,85,[76561199063238565],ropz,4.439163,76561197991272318,-108.53668,5,24,27,2,131122,[76561197991272318],magixx,-2.5000763,76561199063238565,71.03554,m4a1
409,63,[],chopper,1.6939545,76561198045898864,61.031113,0,8,85,0,131123,[76561199063238565],ropz,4.51709,76561197991272318,-108.69221,inferno
410,80,[76561199063238565],ropz,6.035614,76561197991272318,-108.964806,5,24,3,2,131135,[76561197991272318],magixx,1.3235168,76561199063238565,71.62399,m4a1
411,63,[],chopper,3.2955627,76561198045898864,100.08545,0,8,77,0,131136,[76561199063238565],ropz,6.1914825,76561197991272318,-109.003944,inferno
412,60,[76561197991272318],magixx,4.5002747,76561199063238565,71.38847,3,26,50,5,131143,[76561199063238565],ropz,7.632416,76561197991272318,-109.120674,ak47
413,75,"[76561199063238565, 76561198386265483]",ropz,8.294342,76561197991272318,-109.120674,5,24,0,2,131148,[76561197991272318],magixx,5.7650757,76561199063238565,70.65341,m4a1
414,60,[],chopper,4.065628,76561198045898864,52.59189,0,8,42,0,131149,"[76561199063238565, 76561198386265483]",ropz,8.33313,76561197991272318,-109.120674,inferno
415,60,[],chopper,3.1414032,76561198045898864,44.861298,0,8,34,0,131162,"[76561199063238565, 76561198386265483]",ropz,8.722458,76561197991272318,-105.57724,inferno
416,96,"[76561199063238565, 76561198386265483]",ropz,8.5278015,76561197991272318,-106.0445,4,18,81,1,131167,[76561197991272318],donk,1.4573975,76561198386265483,75.16571,m4a1
417,60,[],chopper,1.3859863,76561198045898864,35.497864,0,8,26,0,131174,"[76561199063238565, 76561198386265483]",ropz,8.917114,76561197991272318,-107.17369,inferno
418,60,[76561197991272318],donk,5.9398193,76561198386265483,73.90057,0,26,0,7,131178,"[76561199063238565, 76561198386265483]",ropz,8.839539,76561197991272318,-107.21249,ak47
419,97,[],zont1x,3.3031006,76561198995880877,28.874481,3,27,73,2,131317,[76561198995880877],broky,1.4213562,76561198201620490,169.36627,ak47
420,94,[],zont1x,3.5111694,76561198995880877,28.320007,3,27,45,5,131324,[76561198995880877],broky,-0.91941833,76561198201620490,-156.1068,ak47
421,91,[],zont1x,3.9269257,76561198995880877,28.111954,3,27,18,5,131330,[76561198995880877],broky,-1.1285095,76561198201620490,-157.7369,ak47
422,87,[],zont1x,6.3984985,76561198995880877,26.471893,4,34,0,3,131336,[76561198995880877],broky,-0.7940979,76561198201620490,-153.22253,ak47
423,76,[],karrigan,1.3465118,76561197989430253,-148.31818,20,30,50,0,131821,[],donk,3.4098816,76561198386265483,71.56323,hegrenade
424,79,[],zont1x,2.6796265,76561198995880877,-130.49286,8,12,88,0,132421,[],rain,-0.00033569336,76561197997351207,-132.10098,hegrenade
425,97,[76561198081484775],karrigan,0.71307373,76561197989430253,177.78418,3,11,88,2,132430,[],SH1R0,0.36598206,76561198081484775,-0.29457092,mp9
426,94,[76561198081484775],karrigan,1.069458,76561197989430253,178.41763,3,11,76,2,132439,[76561197989430253],SH1R0,1.5329285,76561198081484775,-1.2325287,mp9
427,79,[76561198081484775],karrigan,2.4159546,76561197989430253,178.8533,15,47,29,1,132448,[76561197989430253],SH1R0,3.4318542,76561198081484775,-1.5985107,mp9
428,64,[76561198081484775],karrigan,4.514694,76561197989430253,178.65521,15,47,0,1,132457,[76561197989430253],SH1R0,6.3603973,76561198081484775,-2.0561523,mp9
429,82,[76561198386265483],rain,2.771637,76561197997351207,-91.550446,18,86,14,1,132517,[],chopper,-2.0942688,76561198045898864,90.07553,m4a1
430,72,[76561198386265483],rain,1.9006348,76561197997351207,-113.172226,4,22,28,2,132541,[76561197997351207],donk,9.459915,76561198386265483,65.34839,m4a1
431,68,[76561198386265483],rain,3.128357,76561197997351207,-112.02381,4,22,5,5,132546,[76561197997351207],donk,10.312378,76561198386265483,65.541,m4a1
432,64,[76561197997351207],donk,10.752533,76561198386265483,65.980804,15,108,0,1,132549,[76561198386265483],rain,3.405426,76561197997351207,-111.98433,ak47
433,64,[76561198386265483],karrigan,1.782196,76561197989430253,155.29483,4,13,0,2,133074,[76561197989430253],donk,0.65986633,76561198386265483,-26.226776,mp9
434,97,[],chopper,-1.9095612,76561198045898864,127.04178,3,26,74,2,133334,[76561198045898864],karrigan,14.256134,76561197989430253,-40.563934,ak47
435,94,[],chopper,0.89297485,76561198045898864,125.59433,3,26,47,2,133340,[76561198045898864],karrigan,4.0395355,76561197989430253,-49.39453,ak47
436,87,[],chopper,1.7863159,76561198045898864,125.193665,7,50,0,1,133346,[76561198045898864],karrigan,1.2675476,76561197989430253,-58.38375,ak47
437,100,[],donk,4.2898254,76561198386265483,106.599304,0,26,74,7,136171,[],frozen,9.723938,76561198068422762,83.53076,ak47
438,96,[],donk,1.8148041,76561198386265483,106.15918,4,34,40,3,136178,[76561198386265483],frozen,9.944,76561198068422762,83.750854,ak47
439,93,[],donk,0.4950714,76561198386265483,104.619385,3,27,13,2,136184,[76561198386265483],frozen,9.944,76561198068422762,83.48682,ak47
440,90,[],donk,4.1524963,76561198386265483,101.64963,3,27,0,2,136197,[76561198386265483],frozen,-0.087890625,76561198068422762,-68.57735,ak47
441,85,[],chopper,0.030899048,76561198045898864,175.46848,15,105,0,1,136812,[76561198045898864],karrigan,0.66433716,76561197989430253,12.361679,ak47
442,97,[76561197997351207],zont1x,17.278748,76561198995880877,104.2074,3,27,72,2,137387,[76561198995880877],rain,-7.920105,76561197997351207,-77.87556,ak47
443,76,[76561198995880877],rain,-7.920105,76561197997351207,-77.87556,24,66,34,1,137387,[76561197997351207],zont1x,17.278748,76561198995880877,104.2074,elite
444,94,[76561197997351207],zont1x,18.757095,76561198995880877,102.08188,3,27,45,2,137393,[76561198995880877],rain,-7.643051,76561197997351207,-80.21187,ak47
445,90,[76561197997351207],zont1x,20.72055,76561198995880877,99.88736,4,34,11,3,137400,[76561198995880877],rain,-6.3758545,76561197997351207,-81.20201,ak47
446,86,[76561197997351207],zont1x,23.677597,76561198995880877,99.03284,4,34,0,3,137412,[76561198995880877],rain,-4.356079,76561197997351207,-80.09308,ak47
447,71,[],ropz,-9.851654,76561197991272318,-71.109695,5,16,17,3,137425,[76561197997351207],zont1x,25.20195,76561198995880877,101.181,mp9
448,66,[76561198995880877],ropz,-6.9701385,76561197991272318,-72.16129,5,16,0,3,137438,[76561197991272318],zont1x,24.439774,76561198995880877,110.39819,mp9
449,100,[],chopper,5.2054596,76561198045898864,62.89157,0,1,98,0,138679,[],broky,16.469193,76561198201620490,12.906876,inferno
450,100,[],chopper,8.408661,76561198045898864,-25.381165,0,2,96,0,138692,[],broky,51.037674,76561198201620490,58.468903,inferno
451,100,[],chopper,8.377762,76561198045898864,-51.314728,0,3,93,0,138705,[],broky,58.478165,76561198201620490,54.456146,inferno
452,100,[],chopper,8.254517,76561198045898864,-52.115364,0,4,88,0,138717,[],broky,25.70697,76561198201620490,-29.97998,inferno
453,97,[],SH1R0,2.3795776,76561198081484775,56.58783,3,5,83,0,138886,[],broky,5.684738,76561198201620490,-164.61777,hegrenade
454,94,[],magixx,0.61764526,76561199063238565,31.9122,3,26,56,2,138941,[],broky,0.58535767,76561198201620490,-147.27069,ak47
455,96,[],broky,0.5015869,76561198201620490,-148.02325,4,24,76,1,138942,[],magixx,0.6763458,76561199063238565,31.9122,mag7
456,81,[],broky,0.5015869,76561198201620490,-148.02325,1,10,89,3,138942,[],chopper,3.0493927,76561198045898864,-6.3470154,mag7
457,91,[],magixx,1.0588074,76561199063238565,32.029953,3,26,29,2,138947,[],broky,1.0031891,76561198201620490,-146.6438,ak47
458,88,[],magixx,4.647217,76561199063238565,31.735718,3,26,2,2,138960,[],broky,2.800476,76561198201620490,-149.19365,ak47
459,84,[],magixx,8.706329,76561199063238565,28.764954,4,33,0,3,138973,[],broky,3.1767578,76561198201620490,-148.90114,ak47
460,97,[],magixx,0.05871582,76561199063238565,102.59412,3,27,72,2,140784,[],ropz,0.66192627,76561197991272318,-159.30725,ak47
461,97,[76561197991272318],SH1R0,1.5559387,76561198081484775,15.998154,0,142,0,1,140819,[76561198081484775],ropz,0.97332764,76561197991272318,-162.69516,ak47
462,0,,,,,,96,550,0,0,142128,[],magixx,3.02948,76561199063238565,81.6806,
463,0,,,,,,100,473,0,0,142128,[],SH1R0,1.8762512,76561198081484775,16.135483,
464,0,,,,,,81,483,0,0,142128,[],chopper,-3.079605,76561198045898864,37.66629,
465,96,,,,,,4,4,96,0,142128,[],donk,2.804947,76561198386265483,-46.601944,
